USE SQLOLAPTEST
GO
/****** Object:  Table [dbo].[DimCliente]    Script Date:  ******/
SET ANSI_NULLS ON
GO
SET QUOTED_IDENTIFIER ON
GO
CREATE TABLE [dbo].[DimCliente](
	[ClienteID] [int] NULL,
	[Cliente] [nvarchar](255) NULL
) ON [PRIMARY]
GO
/****** Object:  Table [dbo].[DimData]    Script Date:  ******/
SET ANSI_NULLS ON
GO
SET QUOTED_IDENTIFIER ON
GO
CREATE TABLE [dbo].[DimData](
	[DataID] [int] NULL,
	[Data] [datetime] NULL,
	[Mês] [float] NULL,
	[Dia ] [float] NULL,
	[ano] [float] NULL
) ON [PRIMARY]
GO
/****** Object:  Table [dbo].[DimProduto]    Script Date:  ******/
SET ANSI_NULLS ON
GO
SET QUOTED_IDENTIFIER ON
GO
CREATE TABLE [dbo].[DimProduto](
	[ProdutoID] [int] NULL,
	[Linha] [nvarchar](255) NULL,
	[Produto] [nvarchar](255) NULL,
	[aux] [nvarchar](255) NULL
) ON [PRIMARY]
GO
/****** Object:  Table [dbo].[DimSucursal]    Script Date: 22/11/2024 22:30:34 ******/
SET ANSI_NULLS ON
GO
SET QUOTED_IDENTIFIER ON
GO
CREATE TABLE [dbo].[DimSucursal](
	[SucursalID] [int] NULL,
	[Sucursal] [nvarchar](255) NULL,
	[País] [nvarchar](255) NULL
) ON [PRIMARY]
GO
/****** Object:  Table [dbo].[Facts]    Script Date: 22/11/2024 22:30:34 ******/
SET ANSI_NULLS ON
GO
SET QUOTED_IDENTIFIER ON
GO
CREATE TABLE [dbo].[Facts](
	[DimData] [int] NULL,
	[DimSucursal] [int] NULL,
	[DimCliente] [int] NULL,
	[DimProduto] [int] NULL,
	[Quantidade] [float] NULL,
	[Vendas] [float] NULL
) ON [PRIMARY]
GO




-- Alter DimCliente to set ClienteID as NOT NULL
ALTER TABLE [dbo].[DimCliente]
ALTER COLUMN [ClienteID] INT NOT NULL;

-- Alter DimData to set DataID as NOT NULL
ALTER TABLE [dbo].[DimData]
ALTER COLUMN [DataID] INT NOT NULL;

-- Alter DimProduto to set ProdutoID as NOT NULL
ALTER TABLE [dbo].[DimProduto]
ALTER COLUMN [ProdutoID] INT NOT NULL;

-- Alter DimSucursal to set SucursalID as NOT NULL
ALTER TABLE [dbo].[DimSucursal]
ALTER COLUMN [SucursalID] INT NOT NULL;




-- Add PK keys to Dimension Tables
ALTER TABLE [dbo].[DimCliente]
ADD CONSTRAINT PK_DimCliente PRIMARY KEY ([ClienteID]);

ALTER TABLE [dbo].[DimData]
ADD CONSTRAINT PK_DimData PRIMARY KEY ([DataID]);

ALTER TABLE [dbo].[DimProduto]
ADD CONSTRAINT PK_DimProduto PRIMARY KEY ([ProdutoID]);

ALTER TABLE [dbo].[DimSucursal]
ADD CONSTRAINT PK_DimSucursal PRIMARY KEY ([SucursalID]);


-- Alter Facts table to set foreign key columns as NOT NULL
ALTER TABLE [dbo].[Facts]
ALTER COLUMN [DimData] INT NOT NULL;

ALTER TABLE [dbo].[Facts]
ALTER COLUMN [DimSucursal] INT NOT NULL;

ALTER TABLE [dbo].[Facts]
ALTER COLUMN [DimCliente] INT NOT NULL;

ALTER TABLE [dbo].[Facts]
ALTER COLUMN [DimProduto] INT NOT NULL;


-- Add foreign key constraints to the Facts table
ALTER TABLE [dbo].[Facts]
ADD CONSTRAINT FK_Facts_DimData FOREIGN KEY ([DimData]) REFERENCES [dbo].[DimData]([DataID]);

ALTER TABLE [dbo].[Facts]
ADD CONSTRAINT FK_Facts_DimSucursal FOREIGN KEY ([DimSucursal]) REFERENCES [dbo].[DimSucursal]([SucursalID]);

ALTER TABLE [dbo].[Facts]
ADD CONSTRAINT FK_Facts_DimCliente FOREIGN KEY ([DimCliente]) REFERENCES [dbo].[DimCliente]([ClienteID]);

ALTER TABLE [dbo].[Facts]
ADD CONSTRAINT FK_Facts_DimProduto FOREIGN KEY ([DimProduto]) REFERENCES [dbo].[DimProduto]([ProdutoID]);




-- # POPULATE:


INSERT [dbo].[DimCliente] ([ClienteID], [Cliente]) VALUES (1, N'Mercatlon')
INSERT [dbo].[DimCliente] ([ClienteID], [Cliente]) VALUES (2, N'Lisbon Consulting')
INSERT [dbo].[DimCliente] ([ClienteID], [Cliente]) VALUES (3, N'Dist Mecano')
INSERT [dbo].[DimCliente] ([ClienteID], [Cliente]) VALUES (4, N'Huey, Dewey and Louie')
INSERT [dbo].[DimCliente] ([ClienteID], [Cliente]) VALUES (5, N'Silva, Silva e Silva')
INSERT [dbo].[DimCliente] ([ClienteID], [Cliente]) VALUES (6, N'MSI Ent')
INSERT [dbo].[DimCliente] ([ClienteID], [Cliente]) VALUES (7, N'Int. Machines')
INSERT [dbo].[DimCliente] ([ClienteID], [Cliente]) VALUES (8, N'MyCO Inf. Systems')
INSERT [dbo].[DimCliente] ([ClienteID], [Cliente]) VALUES (9, N'Frankenstein and Sons')
INSERT [dbo].[DimCliente] ([ClienteID], [Cliente]) VALUES (10, N'CPPO Int.')
INSERT [dbo].[DimCliente] ([ClienteID], [Cliente]) VALUES (11, N'José Malhoa, Lda')
INSERT [dbo].[DimCliente] ([ClienteID], [Cliente]) VALUES (12, N'SONAC')
INSERT [dbo].[DimCliente] ([ClienteID], [Cliente]) VALUES (13, N'h4xOR b0yZ, Intl')
INSERT [dbo].[DimCliente] ([ClienteID], [Cliente]) VALUES (14, N'Joe Doe & Assoc.')
INSERT [dbo].[DimCliente] ([ClienteID], [Cliente]) VALUES (15, N'EmpSocor')
INSERT [dbo].[DimCliente] ([ClienteID], [Cliente]) VALUES (16, N'Gurgle Searches')
INSERT [dbo].[DimCliente] ([ClienteID], [Cliente]) VALUES (17, N'Mercotex')
INSERT [dbo].[DimCliente] ([ClienteID], [Cliente]) VALUES (18, N'GIGO-FIFO SA')
INSERT [dbo].[DimCliente] ([ClienteID], [Cliente]) VALUES (19, N'Neural Works, Intl')
INSERT [dbo].[DimCliente] ([ClienteID], [Cliente]) VALUES (20, N'DISONI, SA')
GO
INSERT [dbo].[DimData] ([DataID], [Data], [Mês], [Dia ], [ano]) VALUES (1, CAST(N'2005-03-18T03:35:58.000' AS DateTime), 3, 18, 2005)
INSERT [dbo].[DimData] ([DataID], [Data], [Mês], [Dia ], [ano]) VALUES (2, CAST(N'2005-04-07T22:19:15.000' AS DateTime), 4, 7, 2005)
INSERT [dbo].[DimData] ([DataID], [Data], [Mês], [Dia ], [ano]) VALUES (3, CAST(N'2005-05-04T17:20:34.000' AS DateTime), 5, 4, 2005)
INSERT [dbo].[DimData] ([DataID], [Data], [Mês], [Dia ], [ano]) VALUES (4, CAST(N'2005-05-05T06:13:51.000' AS DateTime), 5, 5, 2005)
INSERT [dbo].[DimData] ([DataID], [Data], [Mês], [Dia ], [ano]) VALUES (5, CAST(N'2005-05-17T01:49:19.000' AS DateTime), 5, 17, 2005)
INSERT [dbo].[DimData] ([DataID], [Data], [Mês], [Dia ], [ano]) VALUES (6, CAST(N'2005-05-24T21:19:57.000' AS DateTime), 5, 24, 2005)
INSERT [dbo].[DimData] ([DataID], [Data], [Mês], [Dia ], [ano]) VALUES (7, CAST(N'2005-05-31T04:09:45.000' AS DateTime), 5, 31, 2005)
INSERT [dbo].[DimData] ([DataID], [Data], [Mês], [Dia ], [ano]) VALUES (8, CAST(N'2005-06-03T10:10:07.000' AS DateTime), 6, 3, 2005)
INSERT [dbo].[DimData] ([DataID], [Data], [Mês], [Dia ], [ano]) VALUES (9, CAST(N'2005-06-06T00:38:32.000' AS DateTime), 6, 6, 2005)
INSERT [dbo].[DimData] ([DataID], [Data], [Mês], [Dia ], [ano]) VALUES (10, CAST(N'2005-06-09T06:17:56.000' AS DateTime), 6, 9, 2005)
INSERT [dbo].[DimData] ([DataID], [Data], [Mês], [Dia ], [ano]) VALUES (11, CAST(N'2005-06-09T08:07:37.000' AS DateTime), 6, 9, 2005)
INSERT [dbo].[DimData] ([DataID], [Data], [Mês], [Dia ], [ano]) VALUES (12, CAST(N'2005-06-11T03:23:12.000' AS DateTime), 6, 11, 2005)
INSERT [dbo].[DimData] ([DataID], [Data], [Mês], [Dia ], [ano]) VALUES (13, CAST(N'2005-06-15T10:41:37.000' AS DateTime), 6, 15, 2005)
INSERT [dbo].[DimData] ([DataID], [Data], [Mês], [Dia ], [ano]) VALUES (14, CAST(N'2005-06-17T09:35:06.000' AS DateTime), 6, 17, 2005)
INSERT [dbo].[DimData] ([DataID], [Data], [Mês], [Dia ], [ano]) VALUES (15, CAST(N'2005-06-30T14:44:09.000' AS DateTime), 6, 30, 2005)
INSERT [dbo].[DimData] ([DataID], [Data], [Mês], [Dia ], [ano]) VALUES (16, CAST(N'2005-07-15T12:31:38.000' AS DateTime), 7, 15, 2005)
INSERT [dbo].[DimData] ([DataID], [Data], [Mês], [Dia ], [ano]) VALUES (17, CAST(N'2005-08-02T20:12:17.000' AS DateTime), 8, 2, 2005)
INSERT [dbo].[DimData] ([DataID], [Data], [Mês], [Dia ], [ano]) VALUES (18, CAST(N'2005-03-07T04:19:22.000' AS DateTime), 3, 7, 2005)
INSERT [dbo].[DimData] ([DataID], [Data], [Mês], [Dia ], [ano]) VALUES (19, CAST(N'2005-03-21T16:49:24.000' AS DateTime), 3, 21, 2005)
INSERT [dbo].[DimData] ([DataID], [Data], [Mês], [Dia ], [ano]) VALUES (20, CAST(N'2005-04-01T18:04:18.000' AS DateTime), 4, 1, 2005)
INSERT [dbo].[DimData] ([DataID], [Data], [Mês], [Dia ], [ano]) VALUES (21, CAST(N'2005-04-17T11:03:23.000' AS DateTime), 4, 17, 2005)
INSERT [dbo].[DimData] ([DataID], [Data], [Mês], [Dia ], [ano]) VALUES (22, CAST(N'2005-04-30T23:02:40.000' AS DateTime), 4, 30, 2005)
INSERT [dbo].[DimData] ([DataID], [Data], [Mês], [Dia ], [ano]) VALUES (23, CAST(N'2005-05-25T07:50:25.000' AS DateTime), 5, 25, 2005)
INSERT [dbo].[DimData] ([DataID], [Data], [Mês], [Dia ], [ano]) VALUES (24, CAST(N'2005-05-26T04:48:36.000' AS DateTime), 5, 26, 2005)
INSERT [dbo].[DimData] ([DataID], [Data], [Mês], [Dia ], [ano]) VALUES (25, CAST(N'2005-05-27T14:09:30.000' AS DateTime), 5, 27, 2005)
INSERT [dbo].[DimData] ([DataID], [Data], [Mês], [Dia ], [ano]) VALUES (26, CAST(N'2005-06-01T15:14:46.000' AS DateTime), 6, 1, 2005)
INSERT [dbo].[DimData] ([DataID], [Data], [Mês], [Dia ], [ano]) VALUES (27, CAST(N'2005-06-26T07:17:25.000' AS DateTime), 6, 26, 2005)
INSERT [dbo].[DimData] ([DataID], [Data], [Mês], [Dia ], [ano]) VALUES (28, CAST(N'2005-03-22T09:24:18.000' AS DateTime), 3, 22, 2005)
INSERT [dbo].[DimData] ([DataID], [Data], [Mês], [Dia ], [ano]) VALUES (29, CAST(N'2005-04-23T21:18:02.000' AS DateTime), 4, 23, 2005)
INSERT [dbo].[DimData] ([DataID], [Data], [Mês], [Dia ], [ano]) VALUES (30, CAST(N'2005-05-02T15:54:37.000' AS DateTime), 5, 2, 2005)
INSERT [dbo].[DimData] ([DataID], [Data], [Mês], [Dia ], [ano]) VALUES (31, CAST(N'2005-05-08T14:32:00.000' AS DateTime), 5, 8, 2005)
INSERT [dbo].[DimData] ([DataID], [Data], [Mês], [Dia ], [ano]) VALUES (32, CAST(N'2005-05-09T00:58:17.000' AS DateTime), 5, 9, 2005)
INSERT [dbo].[DimData] ([DataID], [Data], [Mês], [Dia ], [ano]) VALUES (33, CAST(N'2005-05-16T08:38:53.000' AS DateTime), 5, 16, 2005)
INSERT [dbo].[DimData] ([DataID], [Data], [Mês], [Dia ], [ano]) VALUES (34, CAST(N'2005-05-31T03:16:41.000' AS DateTime), 5, 31, 2005)
INSERT [dbo].[DimData] ([DataID], [Data], [Mês], [Dia ], [ano]) VALUES (35, CAST(N'2005-06-16T20:36:27.000' AS DateTime), 6, 16, 2005)
INSERT [dbo].[DimData] ([DataID], [Data], [Mês], [Dia ], [ano]) VALUES (36, CAST(N'2005-06-21T22:52:40.000' AS DateTime), 6, 21, 2005)
INSERT [dbo].[DimData] ([DataID], [Data], [Mês], [Dia ], [ano]) VALUES (37, CAST(N'2005-07-04T15:38:45.000' AS DateTime), 7, 4, 2005)
INSERT [dbo].[DimData] ([DataID], [Data], [Mês], [Dia ], [ano]) VALUES (38, CAST(N'2005-07-08T05:10:00.000' AS DateTime), 7, 8, 2005)
INSERT [dbo].[DimData] ([DataID], [Data], [Mês], [Dia ], [ano]) VALUES (39, CAST(N'2005-08-02T10:33:01.000' AS DateTime), 8, 2, 2005)
INSERT [dbo].[DimData] ([DataID], [Data], [Mês], [Dia ], [ano]) VALUES (40, CAST(N'2005-02-28T21:04:39.000' AS DateTime), 2, 28, 2005)
INSERT [dbo].[DimData] ([DataID], [Data], [Mês], [Dia ], [ano]) VALUES (41, CAST(N'2005-03-20T23:57:10.000' AS DateTime), 3, 20, 2005)
INSERT [dbo].[DimData] ([DataID], [Data], [Mês], [Dia ], [ano]) VALUES (42, CAST(N'2005-04-13T07:11:16.000' AS DateTime), 4, 13, 2005)
INSERT [dbo].[DimData] ([DataID], [Data], [Mês], [Dia ], [ano]) VALUES (43, CAST(N'2005-04-20T17:04:22.000' AS DateTime), 4, 20, 2005)
INSERT [dbo].[DimData] ([DataID], [Data], [Mês], [Dia ], [ano]) VALUES (44, CAST(N'2005-04-27T07:40:46.000' AS DateTime), 4, 27, 2005)
INSERT [dbo].[DimData] ([DataID], [Data], [Mês], [Dia ], [ano]) VALUES (45, CAST(N'2005-05-01T21:12:08.000' AS DateTime), 5, 1, 2005)
INSERT [dbo].[DimData] ([DataID], [Data], [Mês], [Dia ], [ano]) VALUES (46, CAST(N'2005-05-05T20:34:18.000' AS DateTime), 5, 5, 2005)
INSERT [dbo].[DimData] ([DataID], [Data], [Mês], [Dia ], [ano]) VALUES (47, CAST(N'2005-05-19T23:33:58.000' AS DateTime), 5, 19, 2005)
INSERT [dbo].[DimData] ([DataID], [Data], [Mês], [Dia ], [ano]) VALUES (48, CAST(N'2005-07-23T03:47:53.000' AS DateTime), 7, 23, 2005)
INSERT [dbo].[DimData] ([DataID], [Data], [Mês], [Dia ], [ano]) VALUES (49, CAST(N'2005-03-30T06:59:33.000' AS DateTime), 3, 30, 2005)
INSERT [dbo].[DimData] ([DataID], [Data], [Mês], [Dia ], [ano]) VALUES (50, CAST(N'2005-04-14T15:18:32.000' AS DateTime), 4, 14, 2005)
INSERT [dbo].[DimData] ([DataID], [Data], [Mês], [Dia ], [ano]) VALUES (51, CAST(N'2005-04-17T16:25:39.000' AS DateTime), 4, 17, 2005)
INSERT [dbo].[DimData] ([DataID], [Data], [Mês], [Dia ], [ano]) VALUES (52, CAST(N'2005-04-21T03:06:20.000' AS DateTime), 4, 21, 2005)
INSERT [dbo].[DimData] ([DataID], [Data], [Mês], [Dia ], [ano]) VALUES (53, CAST(N'2005-04-27T01:40:08.000' AS DateTime), 4, 27, 2005)
INSERT [dbo].[DimData] ([DataID], [Data], [Mês], [Dia ], [ano]) VALUES (54, CAST(N'2005-05-08T13:03:14.000' AS DateTime), 5, 8, 2005)
INSERT [dbo].[DimData] ([DataID], [Data], [Mês], [Dia ], [ano]) VALUES (55, CAST(N'2005-05-08T18:16:34.000' AS DateTime), 5, 8, 2005)
INSERT [dbo].[DimData] ([DataID], [Data], [Mês], [Dia ], [ano]) VALUES (56, CAST(N'2005-05-10T03:59:00.000' AS DateTime), 5, 10, 2005)
INSERT [dbo].[DimData] ([DataID], [Data], [Mês], [Dia ], [ano]) VALUES (57, CAST(N'2005-05-21T10:47:44.000' AS DateTime), 5, 21, 2005)
INSERT [dbo].[DimData] ([DataID], [Data], [Mês], [Dia ], [ano]) VALUES (58, CAST(N'2005-03-17T09:35:27.000' AS DateTime), 3, 17, 2005)
INSERT [dbo].[DimData] ([DataID], [Data], [Mês], [Dia ], [ano]) VALUES (59, CAST(N'2005-04-03T11:05:03.000' AS DateTime), 4, 3, 2005)
INSERT [dbo].[DimData] ([DataID], [Data], [Mês], [Dia ], [ano]) VALUES (60, CAST(N'2005-05-07T11:29:35.000' AS DateTime), 5, 7, 2005)
INSERT [dbo].[DimData] ([DataID], [Data], [Mês], [Dia ], [ano]) VALUES (61, CAST(N'2005-05-15T09:38:55.000' AS DateTime), 5, 15, 2005)
INSERT [dbo].[DimData] ([DataID], [Data], [Mês], [Dia ], [ano]) VALUES (62, CAST(N'2005-06-01T22:07:20.000' AS DateTime), 6, 1, 2005)
INSERT [dbo].[DimData] ([DataID], [Data], [Mês], [Dia ], [ano]) VALUES (63, CAST(N'2005-06-03T00:00:00.000' AS DateTime), 6, 3, 2005)
INSERT [dbo].[DimData] ([DataID], [Data], [Mês], [Dia ], [ano]) VALUES (64, CAST(N'2005-06-04T10:30:38.000' AS DateTime), 6, 4, 2005)
INSERT [dbo].[DimData] ([DataID], [Data], [Mês], [Dia ], [ano]) VALUES (65, CAST(N'2005-06-08T04:09:39.000' AS DateTime), 6, 8, 2005)
INSERT [dbo].[DimData] ([DataID], [Data], [Mês], [Dia ], [ano]) VALUES (66, CAST(N'2005-06-09T20:22:58.000' AS DateTime), 6, 9, 2005)
INSERT [dbo].[DimData] ([DataID], [Data], [Mês], [Dia ], [ano]) VALUES (67, CAST(N'2005-06-22T00:56:33.000' AS DateTime), 6, 22, 2005)
INSERT [dbo].[DimData] ([DataID], [Data], [Mês], [Dia ], [ano]) VALUES (68, CAST(N'2005-06-28T14:26:29.000' AS DateTime), 6, 28, 2005)
INSERT [dbo].[DimData] ([DataID], [Data], [Mês], [Dia ], [ano]) VALUES (69, CAST(N'2005-07-11T12:18:43.000' AS DateTime), 7, 11, 2005)
INSERT [dbo].[DimData] ([DataID], [Data], [Mês], [Dia ], [ano]) VALUES (70, CAST(N'2005-08-16T22:00:32.000' AS DateTime), 8, 16, 2005)
INSERT [dbo].[DimData] ([DataID], [Data], [Mês], [Dia ], [ano]) VALUES (71, CAST(N'2005-04-22T18:56:22.000' AS DateTime), 4, 22, 2005)
INSERT [dbo].[DimData] ([DataID], [Data], [Mês], [Dia ], [ano]) VALUES (72, CAST(N'2005-05-05T07:39:02.000' AS DateTime), 5, 5, 2005)
INSERT [dbo].[DimData] ([DataID], [Data], [Mês], [Dia ], [ano]) VALUES (73, CAST(N'2005-05-10T09:38:30.000' AS DateTime), 5, 10, 2005)
INSERT [dbo].[DimData] ([DataID], [Data], [Mês], [Dia ], [ano]) VALUES (74, CAST(N'2005-05-10T20:16:38.000' AS DateTime), 5, 10, 2005)
INSERT [dbo].[DimData] ([DataID], [Data], [Mês], [Dia ], [ano]) VALUES (75, CAST(N'2005-05-18T19:30:23.000' AS DateTime), 5, 18, 2005)
INSERT [dbo].[DimData] ([DataID], [Data], [Mês], [Dia ], [ano]) VALUES (76, CAST(N'2005-05-29T08:03:28.000' AS DateTime), 5, 29, 2005)
INSERT [dbo].[DimData] ([DataID], [Data], [Mês], [Dia ], [ano]) VALUES (77, CAST(N'2005-02-24T11:44:49.000' AS DateTime), 2, 24, 2005)
INSERT [dbo].[DimData] ([DataID], [Data], [Mês], [Dia ], [ano]) VALUES (78, CAST(N'2005-03-07T14:43:03.000' AS DateTime), 3, 7, 2005)
INSERT [dbo].[DimData] ([DataID], [Data], [Mês], [Dia ], [ano]) VALUES (79, CAST(N'2005-03-25T13:58:05.000' AS DateTime), 3, 25, 2005)
INSERT [dbo].[DimData] ([DataID], [Data], [Mês], [Dia ], [ano]) VALUES (80, CAST(N'2005-04-08T19:01:52.000' AS DateTime), 4, 8, 2005)
INSERT [dbo].[DimData] ([DataID], [Data], [Mês], [Dia ], [ano]) VALUES (81, CAST(N'2005-04-25T13:24:15.000' AS DateTime), 4, 25, 2005)
INSERT [dbo].[DimData] ([DataID], [Data], [Mês], [Dia ], [ano]) VALUES (82, CAST(N'2005-04-26T22:15:23.000' AS DateTime), 4, 26, 2005)
INSERT [dbo].[DimData] ([DataID], [Data], [Mês], [Dia ], [ano]) VALUES (83, CAST(N'2005-04-27T15:57:10.000' AS DateTime), 4, 27, 2005)
INSERT [dbo].[DimData] ([DataID], [Data], [Mês], [Dia ], [ano]) VALUES (84, CAST(N'2005-05-01T10:59:56.000' AS DateTime), 5, 1, 2005)
INSERT [dbo].[DimData] ([DataID], [Data], [Mês], [Dia ], [ano]) VALUES (85, CAST(N'2005-05-17T00:38:20.000' AS DateTime), 5, 17, 2005)
INSERT [dbo].[DimData] ([DataID], [Data], [Mês], [Dia ], [ano]) VALUES (86, CAST(N'2005-05-20T00:51:59.000' AS DateTime), 5, 20, 2005)
INSERT [dbo].[DimData] ([DataID], [Data], [Mês], [Dia ], [ano]) VALUES (87, CAST(N'2005-05-24T18:57:54.000' AS DateTime), 5, 24, 2005)
INSERT [dbo].[DimData] ([DataID], [Data], [Mês], [Dia ], [ano]) VALUES (88, CAST(N'2005-05-26T14:01:22.000' AS DateTime), 5, 26, 2005)
INSERT [dbo].[DimData] ([DataID], [Data], [Mês], [Dia ], [ano]) VALUES (89, CAST(N'2005-05-30T12:02:07.000' AS DateTime), 5, 30, 2005)
INSERT [dbo].[DimData] ([DataID], [Data], [Mês], [Dia ], [ano]) VALUES (90, CAST(N'2005-06-04T04:10:21.000' AS DateTime), 6, 4, 2005)
INSERT [dbo].[DimData] ([DataID], [Data], [Mês], [Dia ], [ano]) VALUES (91, CAST(N'2005-06-06T21:42:27.000' AS DateTime), 6, 6, 2005)
INSERT [dbo].[DimData] ([DataID], [Data], [Mês], [Dia ], [ano]) VALUES (92, CAST(N'2005-06-07T21:33:10.000' AS DateTime), 6, 7, 2005)
INSERT [dbo].[DimData] ([DataID], [Data], [Mês], [Dia ], [ano]) VALUES (93, CAST(N'2005-06-10T17:40:06.000' AS DateTime), 6, 10, 2005)
INSERT [dbo].[DimData] ([DataID], [Data], [Mês], [Dia ], [ano]) VALUES (94, CAST(N'2005-06-13T12:20:02.000' AS DateTime), 6, 13, 2005)
INSERT [dbo].[DimData] ([DataID], [Data], [Mês], [Dia ], [ano]) VALUES (95, CAST(N'2005-06-14T16:36:36.000' AS DateTime), 6, 14, 2005)
INSERT [dbo].[DimData] ([DataID], [Data], [Mês], [Dia ], [ano]) VALUES (96, CAST(N'2005-06-21T17:46:30.000' AS DateTime), 6, 21, 2005)
INSERT [dbo].[DimData] ([DataID], [Data], [Mês], [Dia ], [ano]) VALUES (97, CAST(N'2005-06-24T16:00:54.000' AS DateTime), 6, 24, 2005)
INSERT [dbo].[DimData] ([DataID], [Data], [Mês], [Dia ], [ano]) VALUES (98, CAST(N'2005-07-02T04:27:53.000' AS DateTime), 7, 2, 2005)
INSERT [dbo].[DimData] ([DataID], [Data], [Mês], [Dia ], [ano]) VALUES (99, CAST(N'2005-07-04T15:20:37.000' AS DateTime), 7, 4, 2005)
INSERT [dbo].[DimData] ([DataID], [Data], [Mês], [Dia ], [ano]) VALUES (100, CAST(N'2005-07-13T01:37:37.000' AS DateTime), 7, 13, 2005)
GO
INSERT [dbo].[DimData] ([DataID], [Data], [Mês], [Dia ], [ano]) VALUES (101, CAST(N'2005-07-13T05:59:58.000' AS DateTime), 7, 13, 2005)
INSERT [dbo].[DimData] ([DataID], [Data], [Mês], [Dia ], [ano]) VALUES (102, CAST(N'2005-08-13T17:48:25.000' AS DateTime), 8, 13, 2005)
INSERT [dbo].[DimData] ([DataID], [Data], [Mês], [Dia ], [ano]) VALUES (103, CAST(N'2005-08-21T03:05:31.000' AS DateTime), 8, 21, 2005)
INSERT [dbo].[DimData] ([DataID], [Data], [Mês], [Dia ], [ano]) VALUES (104, CAST(N'2005-03-20T17:09:36.000' AS DateTime), 3, 20, 2005)
INSERT [dbo].[DimData] ([DataID], [Data], [Mês], [Dia ], [ano]) VALUES (105, CAST(N'2005-03-21T09:26:54.000' AS DateTime), 3, 21, 2005)
INSERT [dbo].[DimData] ([DataID], [Data], [Mês], [Dia ], [ano]) VALUES (106, CAST(N'2005-04-02T16:13:09.000' AS DateTime), 4, 2, 2005)
INSERT [dbo].[DimData] ([DataID], [Data], [Mês], [Dia ], [ano]) VALUES (107, CAST(N'2005-04-13T09:22:32.000' AS DateTime), 4, 13, 2005)
INSERT [dbo].[DimData] ([DataID], [Data], [Mês], [Dia ], [ano]) VALUES (108, CAST(N'2005-04-14T08:38:26.000' AS DateTime), 4, 14, 2005)
INSERT [dbo].[DimData] ([DataID], [Data], [Mês], [Dia ], [ano]) VALUES (109, CAST(N'2005-04-29T14:00:10.000' AS DateTime), 4, 29, 2005)
INSERT [dbo].[DimData] ([DataID], [Data], [Mês], [Dia ], [ano]) VALUES (110, CAST(N'2005-05-02T11:05:20.000' AS DateTime), 5, 2, 2005)
INSERT [dbo].[DimData] ([DataID], [Data], [Mês], [Dia ], [ano]) VALUES (111, CAST(N'2005-05-04T06:17:35.000' AS DateTime), 5, 4, 2005)
INSERT [dbo].[DimData] ([DataID], [Data], [Mês], [Dia ], [ano]) VALUES (112, CAST(N'2005-05-15T19:21:21.000' AS DateTime), 5, 15, 2005)
INSERT [dbo].[DimData] ([DataID], [Data], [Mês], [Dia ], [ano]) VALUES (113, CAST(N'2005-05-16T02:06:23.000' AS DateTime), 5, 16, 2005)
INSERT [dbo].[DimData] ([DataID], [Data], [Mês], [Dia ], [ano]) VALUES (114, CAST(N'2005-05-21T22:01:38.000' AS DateTime), 5, 21, 2005)
INSERT [dbo].[DimData] ([DataID], [Data], [Mês], [Dia ], [ano]) VALUES (115, CAST(N'2005-05-26T19:12:52.000' AS DateTime), 5, 26, 2005)
INSERT [dbo].[DimData] ([DataID], [Data], [Mês], [Dia ], [ano]) VALUES (116, CAST(N'2005-03-19T11:39:38.000' AS DateTime), 3, 19, 2005)
INSERT [dbo].[DimData] ([DataID], [Data], [Mês], [Dia ], [ano]) VALUES (117, CAST(N'2005-04-10T14:18:45.000' AS DateTime), 4, 10, 2005)
INSERT [dbo].[DimData] ([DataID], [Data], [Mês], [Dia ], [ano]) VALUES (118, CAST(N'2005-04-13T14:03:22.000' AS DateTime), 4, 13, 2005)
INSERT [dbo].[DimData] ([DataID], [Data], [Mês], [Dia ], [ano]) VALUES (119, CAST(N'2005-04-24T02:51:39.000' AS DateTime), 4, 24, 2005)
INSERT [dbo].[DimData] ([DataID], [Data], [Mês], [Dia ], [ano]) VALUES (120, CAST(N'2005-04-28T10:50:38.000' AS DateTime), 4, 28, 2005)
INSERT [dbo].[DimData] ([DataID], [Data], [Mês], [Dia ], [ano]) VALUES (121, CAST(N'2005-05-08T14:58:47.000' AS DateTime), 5, 8, 2005)
INSERT [dbo].[DimData] ([DataID], [Data], [Mês], [Dia ], [ano]) VALUES (122, CAST(N'2005-05-09T21:30:56.000' AS DateTime), 5, 9, 2005)
INSERT [dbo].[DimData] ([DataID], [Data], [Mês], [Dia ], [ano]) VALUES (123, CAST(N'2005-06-15T10:50:55.000' AS DateTime), 6, 15, 2005)
INSERT [dbo].[DimData] ([DataID], [Data], [Mês], [Dia ], [ano]) VALUES (124, CAST(N'2005-08-21T23:23:29.000' AS DateTime), 8, 21, 2005)
INSERT [dbo].[DimData] ([DataID], [Data], [Mês], [Dia ], [ano]) VALUES (125, CAST(N'2005-03-20T14:32:07.000' AS DateTime), 3, 20, 2005)
INSERT [dbo].[DimData] ([DataID], [Data], [Mês], [Dia ], [ano]) VALUES (126, CAST(N'2005-06-14T10:03:56.000' AS DateTime), 6, 14, 2005)
INSERT [dbo].[DimData] ([DataID], [Data], [Mês], [Dia ], [ano]) VALUES (127, CAST(N'2005-08-13T03:47:44.000' AS DateTime), 8, 13, 2005)
INSERT [dbo].[DimData] ([DataID], [Data], [Mês], [Dia ], [ano]) VALUES (128, CAST(N'2005-03-24T03:33:36.000' AS DateTime), 3, 24, 2005)
INSERT [dbo].[DimData] ([DataID], [Data], [Mês], [Dia ], [ano]) VALUES (129, CAST(N'2005-05-04T11:56:27.000' AS DateTime), 5, 4, 2005)
INSERT [dbo].[DimData] ([DataID], [Data], [Mês], [Dia ], [ano]) VALUES (130, CAST(N'2005-05-11T23:47:23.000' AS DateTime), 5, 11, 2005)
INSERT [dbo].[DimData] ([DataID], [Data], [Mês], [Dia ], [ano]) VALUES (131, CAST(N'2005-05-15T23:07:33.000' AS DateTime), 5, 15, 2005)
INSERT [dbo].[DimData] ([DataID], [Data], [Mês], [Dia ], [ano]) VALUES (132, CAST(N'2005-05-23T03:33:26.000' AS DateTime), 5, 23, 2005)
INSERT [dbo].[DimData] ([DataID], [Data], [Mês], [Dia ], [ano]) VALUES (133, CAST(N'2005-06-10T19:28:04.000' AS DateTime), 6, 10, 2005)
INSERT [dbo].[DimData] ([DataID], [Data], [Mês], [Dia ], [ano]) VALUES (134, CAST(N'2005-03-21T04:20:59.000' AS DateTime), 3, 21, 2005)
INSERT [dbo].[DimData] ([DataID], [Data], [Mês], [Dia ], [ano]) VALUES (135, CAST(N'2005-04-03T05:56:59.000' AS DateTime), 4, 3, 2005)
INSERT [dbo].[DimData] ([DataID], [Data], [Mês], [Dia ], [ano]) VALUES (136, CAST(N'2005-04-09T12:13:54.000' AS DateTime), 4, 9, 2005)
INSERT [dbo].[DimData] ([DataID], [Data], [Mês], [Dia ], [ano]) VALUES (137, CAST(N'2005-04-16T23:12:40.000' AS DateTime), 4, 16, 2005)
INSERT [dbo].[DimData] ([DataID], [Data], [Mês], [Dia ], [ano]) VALUES (138, CAST(N'2005-04-22T04:35:10.000' AS DateTime), 4, 22, 2005)
INSERT [dbo].[DimData] ([DataID], [Data], [Mês], [Dia ], [ano]) VALUES (139, CAST(N'2005-04-22T14:36:43.000' AS DateTime), 4, 22, 2005)
INSERT [dbo].[DimData] ([DataID], [Data], [Mês], [Dia ], [ano]) VALUES (140, CAST(N'2005-04-23T23:25:15.000' AS DateTime), 4, 23, 2005)
INSERT [dbo].[DimData] ([DataID], [Data], [Mês], [Dia ], [ano]) VALUES (141, CAST(N'2005-04-24T13:37:12.000' AS DateTime), 4, 24, 2005)
INSERT [dbo].[DimData] ([DataID], [Data], [Mês], [Dia ], [ano]) VALUES (142, CAST(N'2005-04-25T19:13:43.000' AS DateTime), 4, 25, 2005)
INSERT [dbo].[DimData] ([DataID], [Data], [Mês], [Dia ], [ano]) VALUES (143, CAST(N'2005-05-13T06:04:27.000' AS DateTime), 5, 13, 2005)
INSERT [dbo].[DimData] ([DataID], [Data], [Mês], [Dia ], [ano]) VALUES (144, CAST(N'2005-05-13T09:45:59.000' AS DateTime), 5, 13, 2005)
INSERT [dbo].[DimData] ([DataID], [Data], [Mês], [Dia ], [ano]) VALUES (145, CAST(N'2005-05-17T00:51:26.000' AS DateTime), 5, 17, 2005)
INSERT [dbo].[DimData] ([DataID], [Data], [Mês], [Dia ], [ano]) VALUES (146, CAST(N'2005-05-17T02:48:48.000' AS DateTime), 5, 17, 2005)
INSERT [dbo].[DimData] ([DataID], [Data], [Mês], [Dia ], [ano]) VALUES (147, CAST(N'2005-06-26T09:34:41.000' AS DateTime), 6, 26, 2005)
INSERT [dbo].[DimData] ([DataID], [Data], [Mês], [Dia ], [ano]) VALUES (148, CAST(N'2005-08-04T18:15:27.000' AS DateTime), 8, 4, 2005)
INSERT [dbo].[DimData] ([DataID], [Data], [Mês], [Dia ], [ano]) VALUES (149, CAST(N'2005-08-11T23:00:58.000' AS DateTime), 8, 11, 2005)
INSERT [dbo].[DimData] ([DataID], [Data], [Mês], [Dia ], [ano]) VALUES (150, CAST(N'2005-03-10T05:34:31.000' AS DateTime), 3, 10, 2005)
INSERT [dbo].[DimData] ([DataID], [Data], [Mês], [Dia ], [ano]) VALUES (151, CAST(N'2005-04-06T04:16:56.000' AS DateTime), 4, 6, 2005)
INSERT [dbo].[DimData] ([DataID], [Data], [Mês], [Dia ], [ano]) VALUES (152, CAST(N'2005-04-19T16:19:45.000' AS DateTime), 4, 19, 2005)
INSERT [dbo].[DimData] ([DataID], [Data], [Mês], [Dia ], [ano]) VALUES (153, CAST(N'2005-04-24T17:24:40.000' AS DateTime), 4, 24, 2005)
INSERT [dbo].[DimData] ([DataID], [Data], [Mês], [Dia ], [ano]) VALUES (154, CAST(N'2005-04-28T21:33:13.000' AS DateTime), 4, 28, 2005)
INSERT [dbo].[DimData] ([DataID], [Data], [Mês], [Dia ], [ano]) VALUES (155, CAST(N'2005-05-05T14:20:12.000' AS DateTime), 5, 5, 2005)
INSERT [dbo].[DimData] ([DataID], [Data], [Mês], [Dia ], [ano]) VALUES (156, CAST(N'2005-05-19T10:55:04.000' AS DateTime), 5, 19, 2005)
INSERT [dbo].[DimData] ([DataID], [Data], [Mês], [Dia ], [ano]) VALUES (157, CAST(N'2005-05-19T21:12:52.000' AS DateTime), 5, 19, 2005)
INSERT [dbo].[DimData] ([DataID], [Data], [Mês], [Dia ], [ano]) VALUES (158, CAST(N'2005-05-21T19:19:57.000' AS DateTime), 5, 21, 2005)
INSERT [dbo].[DimData] ([DataID], [Data], [Mês], [Dia ], [ano]) VALUES (159, CAST(N'2005-05-22T16:10:35.000' AS DateTime), 5, 22, 2005)
INSERT [dbo].[DimData] ([DataID], [Data], [Mês], [Dia ], [ano]) VALUES (160, CAST(N'2005-05-22T20:26:29.000' AS DateTime), 5, 22, 2005)
INSERT [dbo].[DimData] ([DataID], [Data], [Mês], [Dia ], [ano]) VALUES (161, CAST(N'2005-05-30T08:29:31.000' AS DateTime), 5, 30, 2005)
INSERT [dbo].[DimData] ([DataID], [Data], [Mês], [Dia ], [ano]) VALUES (162, CAST(N'2005-03-13T07:35:38.000' AS DateTime), 3, 13, 2005)
INSERT [dbo].[DimData] ([DataID], [Data], [Mês], [Dia ], [ano]) VALUES (163, CAST(N'2005-03-27T10:06:10.000' AS DateTime), 3, 27, 2005)
INSERT [dbo].[DimData] ([DataID], [Data], [Mês], [Dia ], [ano]) VALUES (164, CAST(N'2005-04-13T09:48:06.000' AS DateTime), 4, 13, 2005)
INSERT [dbo].[DimData] ([DataID], [Data], [Mês], [Dia ], [ano]) VALUES (165, CAST(N'2005-04-14T19:38:54.000' AS DateTime), 4, 14, 2005)
INSERT [dbo].[DimData] ([DataID], [Data], [Mês], [Dia ], [ano]) VALUES (166, CAST(N'2005-04-26T09:50:43.000' AS DateTime), 4, 26, 2005)
INSERT [dbo].[DimData] ([DataID], [Data], [Mês], [Dia ], [ano]) VALUES (167, CAST(N'2005-04-28T00:10:41.000' AS DateTime), 4, 28, 2005)
INSERT [dbo].[DimData] ([DataID], [Data], [Mês], [Dia ], [ano]) VALUES (168, CAST(N'2005-04-29T03:47:31.000' AS DateTime), 4, 29, 2005)
INSERT [dbo].[DimData] ([DataID], [Data], [Mês], [Dia ], [ano]) VALUES (169, CAST(N'2005-04-30T15:45:39.000' AS DateTime), 4, 30, 2005)
INSERT [dbo].[DimData] ([DataID], [Data], [Mês], [Dia ], [ano]) VALUES (170, CAST(N'2005-05-02T13:51:47.000' AS DateTime), 5, 2, 2005)
INSERT [dbo].[DimData] ([DataID], [Data], [Mês], [Dia ], [ano]) VALUES (171, CAST(N'2005-05-02T17:26:20.000' AS DateTime), 5, 2, 2005)
INSERT [dbo].[DimData] ([DataID], [Data], [Mês], [Dia ], [ano]) VALUES (172, CAST(N'2005-05-08T09:30:38.000' AS DateTime), 5, 8, 2005)
INSERT [dbo].[DimData] ([DataID], [Data], [Mês], [Dia ], [ano]) VALUES (173, CAST(N'2005-05-24T22:30:45.000' AS DateTime), 5, 24, 2005)
INSERT [dbo].[DimData] ([DataID], [Data], [Mês], [Dia ], [ano]) VALUES (174, CAST(N'2005-05-25T06:37:45.000' AS DateTime), 5, 25, 2005)
INSERT [dbo].[DimData] ([DataID], [Data], [Mês], [Dia ], [ano]) VALUES (175, CAST(N'2005-05-26T18:15:34.000' AS DateTime), 5, 26, 2005)
INSERT [dbo].[DimData] ([DataID], [Data], [Mês], [Dia ], [ano]) VALUES (176, CAST(N'2005-05-30T06:39:58.000' AS DateTime), 5, 30, 2005)
INSERT [dbo].[DimData] ([DataID], [Data], [Mês], [Dia ], [ano]) VALUES (177, CAST(N'2005-05-31T08:54:19.000' AS DateTime), 5, 31, 2005)
INSERT [dbo].[DimData] ([DataID], [Data], [Mês], [Dia ], [ano]) VALUES (178, CAST(N'2005-05-31T20:52:40.000' AS DateTime), 5, 31, 2005)
INSERT [dbo].[DimData] ([DataID], [Data], [Mês], [Dia ], [ano]) VALUES (179, CAST(N'2005-06-03T03:26:42.000' AS DateTime), 6, 3, 2005)
INSERT [dbo].[DimData] ([DataID], [Data], [Mês], [Dia ], [ano]) VALUES (180, CAST(N'2005-06-03T10:43:19.000' AS DateTime), 6, 3, 2005)
INSERT [dbo].[DimData] ([DataID], [Data], [Mês], [Dia ], [ano]) VALUES (181, CAST(N'2005-06-08T18:00:11.000' AS DateTime), 6, 8, 2005)
INSERT [dbo].[DimData] ([DataID], [Data], [Mês], [Dia ], [ano]) VALUES (182, CAST(N'2005-06-09T12:27:42.000' AS DateTime), 6, 9, 2005)
INSERT [dbo].[DimData] ([DataID], [Data], [Mês], [Dia ], [ano]) VALUES (183, CAST(N'2005-06-19T15:39:32.000' AS DateTime), 6, 19, 2005)
INSERT [dbo].[DimData] ([DataID], [Data], [Mês], [Dia ], [ano]) VALUES (184, CAST(N'2005-06-22T08:38:46.000' AS DateTime), 6, 22, 2005)
INSERT [dbo].[DimData] ([DataID], [Data], [Mês], [Dia ], [ano]) VALUES (185, CAST(N'2005-06-24T20:00:10.000' AS DateTime), 6, 24, 2005)
INSERT [dbo].[DimData] ([DataID], [Data], [Mês], [Dia ], [ano]) VALUES (186, CAST(N'2005-06-26T23:37:51.000' AS DateTime), 6, 26, 2005)
INSERT [dbo].[DimData] ([DataID], [Data], [Mês], [Dia ], [ano]) VALUES (187, CAST(N'2005-06-29T02:11:51.000' AS DateTime), 6, 29, 2005)
INSERT [dbo].[DimData] ([DataID], [Data], [Mês], [Dia ], [ano]) VALUES (188, CAST(N'2005-07-01T23:47:09.000' AS DateTime), 7, 1, 2005)
INSERT [dbo].[DimData] ([DataID], [Data], [Mês], [Dia ], [ano]) VALUES (189, CAST(N'2005-08-07T04:56:21.000' AS DateTime), 8, 7, 2005)
INSERT [dbo].[DimData] ([DataID], [Data], [Mês], [Dia ], [ano]) VALUES (190, CAST(N'2005-03-18T17:43:22.000' AS DateTime), 3, 18, 2005)
INSERT [dbo].[DimData] ([DataID], [Data], [Mês], [Dia ], [ano]) VALUES (191, CAST(N'2005-03-29T19:05:08.000' AS DateTime), 3, 29, 2005)
INSERT [dbo].[DimData] ([DataID], [Data], [Mês], [Dia ], [ano]) VALUES (192, CAST(N'2005-04-03T20:49:00.000' AS DateTime), 4, 3, 2005)
INSERT [dbo].[DimData] ([DataID], [Data], [Mês], [Dia ], [ano]) VALUES (193, CAST(N'2005-04-15T02:30:44.000' AS DateTime), 4, 15, 2005)
INSERT [dbo].[DimData] ([DataID], [Data], [Mês], [Dia ], [ano]) VALUES (194, CAST(N'2005-04-16T22:11:59.000' AS DateTime), 4, 16, 2005)
INSERT [dbo].[DimData] ([DataID], [Data], [Mês], [Dia ], [ano]) VALUES (195, CAST(N'2005-04-28T21:16:44.000' AS DateTime), 4, 28, 2005)
INSERT [dbo].[DimData] ([DataID], [Data], [Mês], [Dia ], [ano]) VALUES (196, CAST(N'2005-05-09T08:40:31.000' AS DateTime), 5, 9, 2005)
INSERT [dbo].[DimData] ([DataID], [Data], [Mês], [Dia ], [ano]) VALUES (197, CAST(N'2005-05-20T12:31:39.000' AS DateTime), 5, 20, 2005)
INSERT [dbo].[DimData] ([DataID], [Data], [Mês], [Dia ], [ano]) VALUES (198, CAST(N'2005-06-01T01:37:19.000' AS DateTime), 6, 1, 2005)
INSERT [dbo].[DimData] ([DataID], [Data], [Mês], [Dia ], [ano]) VALUES (199, CAST(N'2005-06-01T01:46:52.000' AS DateTime), 6, 1, 2005)
INSERT [dbo].[DimData] ([DataID], [Data], [Mês], [Dia ], [ano]) VALUES (200, CAST(N'2005-06-02T14:21:05.000' AS DateTime), 6, 2, 2005)
GO
INSERT [dbo].[DimData] ([DataID], [Data], [Mês], [Dia ], [ano]) VALUES (201, CAST(N'2005-07-01T09:44:06.000' AS DateTime), 7, 1, 2005)
INSERT [dbo].[DimData] ([DataID], [Data], [Mês], [Dia ], [ano]) VALUES (202, CAST(N'2005-07-30T18:25:15.000' AS DateTime), 7, 30, 2005)
INSERT [dbo].[DimData] ([DataID], [Data], [Mês], [Dia ], [ano]) VALUES (203, CAST(N'2005-04-08T08:49:45.000' AS DateTime), 4, 8, 2005)
INSERT [dbo].[DimData] ([DataID], [Data], [Mês], [Dia ], [ano]) VALUES (204, CAST(N'2005-04-19T14:00:29.000' AS DateTime), 4, 19, 2005)
INSERT [dbo].[DimData] ([DataID], [Data], [Mês], [Dia ], [ano]) VALUES (205, CAST(N'2005-04-26T21:40:17.000' AS DateTime), 4, 26, 2005)
INSERT [dbo].[DimData] ([DataID], [Data], [Mês], [Dia ], [ano]) VALUES (206, CAST(N'2005-04-28T23:30:11.000' AS DateTime), 4, 28, 2005)
INSERT [dbo].[DimData] ([DataID], [Data], [Mês], [Dia ], [ano]) VALUES (207, CAST(N'2005-05-11T20:06:08.000' AS DateTime), 5, 11, 2005)
INSERT [dbo].[DimData] ([DataID], [Data], [Mês], [Dia ], [ano]) VALUES (208, CAST(N'2005-06-10T19:37:14.000' AS DateTime), 6, 10, 2005)
INSERT [dbo].[DimData] ([DataID], [Data], [Mês], [Dia ], [ano]) VALUES (209, CAST(N'2005-04-09T21:35:09.000' AS DateTime), 4, 9, 2005)
INSERT [dbo].[DimData] ([DataID], [Data], [Mês], [Dia ], [ano]) VALUES (210, CAST(N'2005-04-19T00:24:54.000' AS DateTime), 4, 19, 2005)
INSERT [dbo].[DimData] ([DataID], [Data], [Mês], [Dia ], [ano]) VALUES (211, CAST(N'2005-04-20T09:55:02.000' AS DateTime), 4, 20, 2005)
INSERT [dbo].[DimData] ([DataID], [Data], [Mês], [Dia ], [ano]) VALUES (212, CAST(N'2005-04-23T05:23:19.000' AS DateTime), 4, 23, 2005)
INSERT [dbo].[DimData] ([DataID], [Data], [Mês], [Dia ], [ano]) VALUES (213, CAST(N'2005-04-23T10:17:19.000' AS DateTime), 4, 23, 2005)
INSERT [dbo].[DimData] ([DataID], [Data], [Mês], [Dia ], [ano]) VALUES (214, CAST(N'2005-05-17T10:15:12.000' AS DateTime), 5, 17, 2005)
INSERT [dbo].[DimData] ([DataID], [Data], [Mês], [Dia ], [ano]) VALUES (215, CAST(N'2005-05-26T17:10:10.000' AS DateTime), 5, 26, 2005)
INSERT [dbo].[DimData] ([DataID], [Data], [Mês], [Dia ], [ano]) VALUES (216, CAST(N'2005-06-14T09:19:54.000' AS DateTime), 6, 14, 2005)
INSERT [dbo].[DimData] ([DataID], [Data], [Mês], [Dia ], [ano]) VALUES (217, CAST(N'2005-06-21T13:56:15.000' AS DateTime), 6, 21, 2005)
INSERT [dbo].[DimData] ([DataID], [Data], [Mês], [Dia ], [ano]) VALUES (218, CAST(N'2005-04-09T12:40:38.000' AS DateTime), 4, 9, 2005)
INSERT [dbo].[DimData] ([DataID], [Data], [Mês], [Dia ], [ano]) VALUES (219, CAST(N'2005-04-13T19:06:08.000' AS DateTime), 4, 13, 2005)
INSERT [dbo].[DimData] ([DataID], [Data], [Mês], [Dia ], [ano]) VALUES (220, CAST(N'2005-04-13T19:06:29.000' AS DateTime), 4, 13, 2005)
INSERT [dbo].[DimData] ([DataID], [Data], [Mês], [Dia ], [ano]) VALUES (221, CAST(N'2005-04-14T10:45:15.000' AS DateTime), 4, 14, 2005)
INSERT [dbo].[DimData] ([DataID], [Data], [Mês], [Dia ], [ano]) VALUES (222, CAST(N'2005-04-28T07:13:58.000' AS DateTime), 4, 28, 2005)
INSERT [dbo].[DimData] ([DataID], [Data], [Mês], [Dia ], [ano]) VALUES (223, CAST(N'2005-05-11T00:27:05.000' AS DateTime), 5, 11, 2005)
INSERT [dbo].[DimData] ([DataID], [Data], [Mês], [Dia ], [ano]) VALUES (224, CAST(N'2005-05-17T15:12:01.000' AS DateTime), 5, 17, 2005)
INSERT [dbo].[DimData] ([DataID], [Data], [Mês], [Dia ], [ano]) VALUES (225, CAST(N'2005-05-24T13:08:41.000' AS DateTime), 5, 24, 2005)
INSERT [dbo].[DimData] ([DataID], [Data], [Mês], [Dia ], [ano]) VALUES (226, CAST(N'2005-06-14T18:08:54.000' AS DateTime), 6, 14, 2005)
INSERT [dbo].[DimData] ([DataID], [Data], [Mês], [Dia ], [ano]) VALUES (227, CAST(N'2005-08-16T01:50:41.000' AS DateTime), 8, 16, 2005)
INSERT [dbo].[DimData] ([DataID], [Data], [Mês], [Dia ], [ano]) VALUES (228, CAST(N'2005-08-26T12:45:53.000' AS DateTime), 8, 26, 2005)
INSERT [dbo].[DimData] ([DataID], [Data], [Mês], [Dia ], [ano]) VALUES (229, CAST(N'2005-02-27T10:24:24.000' AS DateTime), 2, 27, 2005)
INSERT [dbo].[DimData] ([DataID], [Data], [Mês], [Dia ], [ano]) VALUES (230, CAST(N'2005-04-18T01:31:14.000' AS DateTime), 4, 18, 2005)
INSERT [dbo].[DimData] ([DataID], [Data], [Mês], [Dia ], [ano]) VALUES (231, CAST(N'2005-04-22T00:20:33.000' AS DateTime), 4, 22, 2005)
INSERT [dbo].[DimData] ([DataID], [Data], [Mês], [Dia ], [ano]) VALUES (232, CAST(N'2005-05-03T23:36:28.000' AS DateTime), 5, 3, 2005)
INSERT [dbo].[DimData] ([DataID], [Data], [Mês], [Dia ], [ano]) VALUES (233, CAST(N'2005-05-05T18:10:41.000' AS DateTime), 5, 5, 2005)
INSERT [dbo].[DimData] ([DataID], [Data], [Mês], [Dia ], [ano]) VALUES (234, CAST(N'2005-05-11T13:35:34.000' AS DateTime), 5, 11, 2005)
INSERT [dbo].[DimData] ([DataID], [Data], [Mês], [Dia ], [ano]) VALUES (235, CAST(N'2005-05-18T12:51:07.000' AS DateTime), 5, 18, 2005)
INSERT [dbo].[DimData] ([DataID], [Data], [Mês], [Dia ], [ano]) VALUES (236, CAST(N'2005-05-18T18:15:24.000' AS DateTime), 5, 18, 2005)
INSERT [dbo].[DimData] ([DataID], [Data], [Mês], [Dia ], [ano]) VALUES (237, CAST(N'2005-05-21T20:14:30.000' AS DateTime), 5, 21, 2005)
INSERT [dbo].[DimData] ([DataID], [Data], [Mês], [Dia ], [ano]) VALUES (238, CAST(N'2005-05-25T07:20:35.000' AS DateTime), 5, 25, 2005)
INSERT [dbo].[DimData] ([DataID], [Data], [Mês], [Dia ], [ano]) VALUES (239, CAST(N'2005-05-29T20:51:49.000' AS DateTime), 5, 29, 2005)
INSERT [dbo].[DimData] ([DataID], [Data], [Mês], [Dia ], [ano]) VALUES (240, CAST(N'2005-05-30T13:30:45.000' AS DateTime), 5, 30, 2005)
INSERT [dbo].[DimData] ([DataID], [Data], [Mês], [Dia ], [ano]) VALUES (241, CAST(N'2005-06-08T14:21:41.000' AS DateTime), 6, 8, 2005)
INSERT [dbo].[DimData] ([DataID], [Data], [Mês], [Dia ], [ano]) VALUES (242, CAST(N'2005-06-11T20:11:53.000' AS DateTime), 6, 11, 2005)
INSERT [dbo].[DimData] ([DataID], [Data], [Mês], [Dia ], [ano]) VALUES (243, CAST(N'2005-06-12T16:11:32.000' AS DateTime), 6, 12, 2005)
INSERT [dbo].[DimData] ([DataID], [Data], [Mês], [Dia ], [ano]) VALUES (244, CAST(N'2005-06-17T09:36:58.000' AS DateTime), 6, 17, 2005)
INSERT [dbo].[DimData] ([DataID], [Data], [Mês], [Dia ], [ano]) VALUES (245, CAST(N'2005-06-18T14:25:36.000' AS DateTime), 6, 18, 2005)
INSERT [dbo].[DimData] ([DataID], [Data], [Mês], [Dia ], [ano]) VALUES (246, CAST(N'2005-06-20T18:53:35.000' AS DateTime), 6, 20, 2005)
INSERT [dbo].[DimData] ([DataID], [Data], [Mês], [Dia ], [ano]) VALUES (247, CAST(N'2005-06-22T01:20:32.000' AS DateTime), 6, 22, 2005)
INSERT [dbo].[DimData] ([DataID], [Data], [Mês], [Dia ], [ano]) VALUES (248, CAST(N'2005-06-28T17:51:24.000' AS DateTime), 6, 28, 2005)
INSERT [dbo].[DimData] ([DataID], [Data], [Mês], [Dia ], [ano]) VALUES (249, CAST(N'2005-07-08T01:16:23.000' AS DateTime), 7, 8, 2005)
INSERT [dbo].[DimData] ([DataID], [Data], [Mês], [Dia ], [ano]) VALUES (250, CAST(N'2005-08-08T05:14:31.000' AS DateTime), 8, 8, 2005)
INSERT [dbo].[DimData] ([DataID], [Data], [Mês], [Dia ], [ano]) VALUES (251, CAST(N'2005-03-30T17:14:13.000' AS DateTime), 3, 30, 2005)
INSERT [dbo].[DimData] ([DataID], [Data], [Mês], [Dia ], [ano]) VALUES (252, CAST(N'2005-04-10T01:33:31.000' AS DateTime), 4, 10, 2005)
INSERT [dbo].[DimData] ([DataID], [Data], [Mês], [Dia ], [ano]) VALUES (253, CAST(N'2005-04-21T03:49:27.000' AS DateTime), 4, 21, 2005)
INSERT [dbo].[DimData] ([DataID], [Data], [Mês], [Dia ], [ano]) VALUES (254, CAST(N'2005-05-06T06:15:06.000' AS DateTime), 5, 6, 2005)
INSERT [dbo].[DimData] ([DataID], [Data], [Mês], [Dia ], [ano]) VALUES (255, CAST(N'2005-05-08T11:42:21.000' AS DateTime), 5, 8, 2005)
INSERT [dbo].[DimData] ([DataID], [Data], [Mês], [Dia ], [ano]) VALUES (256, CAST(N'2005-05-14T11:36:40.000' AS DateTime), 5, 14, 2005)
INSERT [dbo].[DimData] ([DataID], [Data], [Mês], [Dia ], [ano]) VALUES (257, CAST(N'2005-03-24T16:33:43.000' AS DateTime), 3, 24, 2005)
INSERT [dbo].[DimData] ([DataID], [Data], [Mês], [Dia ], [ano]) VALUES (258, CAST(N'2005-04-12T11:30:13.000' AS DateTime), 4, 12, 2005)
INSERT [dbo].[DimData] ([DataID], [Data], [Mês], [Dia ], [ano]) VALUES (259, CAST(N'2005-04-19T05:43:01.000' AS DateTime), 4, 19, 2005)
INSERT [dbo].[DimData] ([DataID], [Data], [Mês], [Dia ], [ano]) VALUES (260, CAST(N'2005-05-25T11:28:00.000' AS DateTime), 5, 25, 2005)
INSERT [dbo].[DimData] ([DataID], [Data], [Mês], [Dia ], [ano]) VALUES (261, CAST(N'2005-05-28T22:14:16.000' AS DateTime), 5, 28, 2005)
INSERT [dbo].[DimData] ([DataID], [Data], [Mês], [Dia ], [ano]) VALUES (262, CAST(N'2005-06-01T15:42:54.000' AS DateTime), 6, 1, 2005)
INSERT [dbo].[DimData] ([DataID], [Data], [Mês], [Dia ], [ano]) VALUES (263, CAST(N'2005-06-07T05:55:16.000' AS DateTime), 6, 7, 2005)
INSERT [dbo].[DimData] ([DataID], [Data], [Mês], [Dia ], [ano]) VALUES (264, CAST(N'2005-06-22T14:01:21.000' AS DateTime), 6, 22, 2005)
INSERT [dbo].[DimData] ([DataID], [Data], [Mês], [Dia ], [ano]) VALUES (265, CAST(N'2005-06-22T16:08:58.000' AS DateTime), 6, 22, 2005)
INSERT [dbo].[DimData] ([DataID], [Data], [Mês], [Dia ], [ano]) VALUES (266, CAST(N'2005-06-23T09:57:43.000' AS DateTime), 6, 23, 2005)
INSERT [dbo].[DimData] ([DataID], [Data], [Mês], [Dia ], [ano]) VALUES (267, CAST(N'2005-07-18T17:58:58.000' AS DateTime), 7, 18, 2005)
INSERT [dbo].[DimData] ([DataID], [Data], [Mês], [Dia ], [ano]) VALUES (268, CAST(N'2005-07-18T21:28:36.000' AS DateTime), 7, 18, 2005)
INSERT [dbo].[DimData] ([DataID], [Data], [Mês], [Dia ], [ano]) VALUES (269, CAST(N'2005-07-29T12:05:37.000' AS DateTime), 7, 29, 2005)
INSERT [dbo].[DimData] ([DataID], [Data], [Mês], [Dia ], [ano]) VALUES (270, CAST(N'2005-08-11T06:39:26.000' AS DateTime), 8, 11, 2005)
INSERT [dbo].[DimData] ([DataID], [Data], [Mês], [Dia ], [ano]) VALUES (271, CAST(N'2005-08-17T16:03:59.000' AS DateTime), 8, 17, 2005)
INSERT [dbo].[DimData] ([DataID], [Data], [Mês], [Dia ], [ano]) VALUES (272, CAST(N'2005-08-25T00:37:08.000' AS DateTime), 8, 25, 2005)
INSERT [dbo].[DimData] ([DataID], [Data], [Mês], [Dia ], [ano]) VALUES (273, CAST(N'2005-04-15T15:25:09.000' AS DateTime), 4, 15, 2005)
INSERT [dbo].[DimData] ([DataID], [Data], [Mês], [Dia ], [ano]) VALUES (274, CAST(N'2005-05-01T03:02:40.000' AS DateTime), 5, 1, 2005)
INSERT [dbo].[DimData] ([DataID], [Data], [Mês], [Dia ], [ano]) VALUES (275, CAST(N'2005-05-03T19:09:50.000' AS DateTime), 5, 3, 2005)
INSERT [dbo].[DimData] ([DataID], [Data], [Mês], [Dia ], [ano]) VALUES (276, CAST(N'2005-05-06T06:42:35.000' AS DateTime), 5, 6, 2005)
INSERT [dbo].[DimData] ([DataID], [Data], [Mês], [Dia ], [ano]) VALUES (277, CAST(N'2005-05-17T13:10:33.000' AS DateTime), 5, 17, 2005)
INSERT [dbo].[DimData] ([DataID], [Data], [Mês], [Dia ], [ano]) VALUES (278, CAST(N'2005-05-23T09:24:13.000' AS DateTime), 5, 23, 2005)
INSERT [dbo].[DimData] ([DataID], [Data], [Mês], [Dia ], [ano]) VALUES (279, CAST(N'2005-05-30T21:05:51.000' AS DateTime), 5, 30, 2005)
INSERT [dbo].[DimData] ([DataID], [Data], [Mês], [Dia ], [ano]) VALUES (280, CAST(N'2005-05-31T00:05:34.000' AS DateTime), 5, 31, 2005)
INSERT [dbo].[DimData] ([DataID], [Data], [Mês], [Dia ], [ano]) VALUES (281, CAST(N'2005-06-05T02:16:39.000' AS DateTime), 6, 5, 2005)
INSERT [dbo].[DimData] ([DataID], [Data], [Mês], [Dia ], [ano]) VALUES (282, CAST(N'2005-06-07T01:58:10.000' AS DateTime), 6, 7, 2005)
INSERT [dbo].[DimData] ([DataID], [Data], [Mês], [Dia ], [ano]) VALUES (283, CAST(N'2005-07-20T11:53:40.000' AS DateTime), 7, 20, 2005)
INSERT [dbo].[DimData] ([DataID], [Data], [Mês], [Dia ], [ano]) VALUES (284, CAST(N'2005-03-12T21:32:19.000' AS DateTime), 3, 12, 2005)
INSERT [dbo].[DimData] ([DataID], [Data], [Mês], [Dia ], [ano]) VALUES (285, CAST(N'2005-04-06T11:16:46.000' AS DateTime), 4, 6, 2005)
INSERT [dbo].[DimData] ([DataID], [Data], [Mês], [Dia ], [ano]) VALUES (286, CAST(N'2005-04-17T20:04:46.000' AS DateTime), 4, 17, 2005)
INSERT [dbo].[DimData] ([DataID], [Data], [Mês], [Dia ], [ano]) VALUES (287, CAST(N'2005-04-21T07:40:32.000' AS DateTime), 4, 21, 2005)
INSERT [dbo].[DimData] ([DataID], [Data], [Mês], [Dia ], [ano]) VALUES (288, CAST(N'2005-05-01T04:11:46.000' AS DateTime), 5, 1, 2005)
INSERT [dbo].[DimData] ([DataID], [Data], [Mês], [Dia ], [ano]) VALUES (289, CAST(N'2005-05-03T07:54:47.000' AS DateTime), 5, 3, 2005)
INSERT [dbo].[DimData] ([DataID], [Data], [Mês], [Dia ], [ano]) VALUES (290, CAST(N'2005-05-13T18:16:58.000' AS DateTime), 5, 13, 2005)
INSERT [dbo].[DimData] ([DataID], [Data], [Mês], [Dia ], [ano]) VALUES (291, CAST(N'2005-05-24T15:28:30.000' AS DateTime), 5, 24, 2005)
INSERT [dbo].[DimData] ([DataID], [Data], [Mês], [Dia ], [ano]) VALUES (292, CAST(N'2005-05-25T01:05:59.000' AS DateTime), 5, 25, 2005)
INSERT [dbo].[DimData] ([DataID], [Data], [Mês], [Dia ], [ano]) VALUES (293, CAST(N'2005-06-08T14:31:56.000' AS DateTime), 6, 8, 2005)
INSERT [dbo].[DimData] ([DataID], [Data], [Mês], [Dia ], [ano]) VALUES (294, CAST(N'2005-06-18T09:56:53.000' AS DateTime), 6, 18, 2005)
INSERT [dbo].[DimData] ([DataID], [Data], [Mês], [Dia ], [ano]) VALUES (295, CAST(N'2005-07-04T08:56:55.000' AS DateTime), 7, 4, 2005)
INSERT [dbo].[DimData] ([DataID], [Data], [Mês], [Dia ], [ano]) VALUES (296, CAST(N'2005-07-08T13:33:49.000' AS DateTime), 7, 8, 2005)
INSERT [dbo].[DimData] ([DataID], [Data], [Mês], [Dia ], [ano]) VALUES (297, CAST(N'2005-03-05T18:04:46.000' AS DateTime), 3, 5, 2005)
INSERT [dbo].[DimData] ([DataID], [Data], [Mês], [Dia ], [ano]) VALUES (298, CAST(N'2005-03-07T06:15:13.000' AS DateTime), 3, 7, 2005)
INSERT [dbo].[DimData] ([DataID], [Data], [Mês], [Dia ], [ano]) VALUES (299, CAST(N'2005-03-16T13:24:02.000' AS DateTime), 3, 16, 2005)
INSERT [dbo].[DimData] ([DataID], [Data], [Mês], [Dia ], [ano]) VALUES (300, CAST(N'2005-04-09T15:03:31.000' AS DateTime), 4, 9, 2005)
GO
INSERT [dbo].[DimData] ([DataID], [Data], [Mês], [Dia ], [ano]) VALUES (301, CAST(N'2005-04-19T01:05:13.000' AS DateTime), 4, 19, 2005)
INSERT [dbo].[DimData] ([DataID], [Data], [Mês], [Dia ], [ano]) VALUES (302, CAST(N'2005-04-21T20:03:35.000' AS DateTime), 4, 21, 2005)
INSERT [dbo].[DimData] ([DataID], [Data], [Mês], [Dia ], [ano]) VALUES (303, CAST(N'2005-05-02T11:44:21.000' AS DateTime), 5, 2, 2005)
INSERT [dbo].[DimData] ([DataID], [Data], [Mês], [Dia ], [ano]) VALUES (304, CAST(N'2005-05-03T16:23:20.000' AS DateTime), 5, 3, 2005)
INSERT [dbo].[DimData] ([DataID], [Data], [Mês], [Dia ], [ano]) VALUES (305, CAST(N'2005-05-04T06:17:54.000' AS DateTime), 5, 4, 2005)
INSERT [dbo].[DimData] ([DataID], [Data], [Mês], [Dia ], [ano]) VALUES (306, CAST(N'2005-05-08T21:19:39.000' AS DateTime), 5, 8, 2005)
INSERT [dbo].[DimData] ([DataID], [Data], [Mês], [Dia ], [ano]) VALUES (307, CAST(N'2005-05-16T04:50:04.000' AS DateTime), 5, 16, 2005)
INSERT [dbo].[DimData] ([DataID], [Data], [Mês], [Dia ], [ano]) VALUES (308, CAST(N'2005-05-19T00:40:54.000' AS DateTime), 5, 19, 2005)
INSERT [dbo].[DimData] ([DataID], [Data], [Mês], [Dia ], [ano]) VALUES (309, CAST(N'2005-05-29T08:20:20.000' AS DateTime), 5, 29, 2005)
INSERT [dbo].[DimData] ([DataID], [Data], [Mês], [Dia ], [ano]) VALUES (310, CAST(N'2005-07-16T04:27:55.000' AS DateTime), 7, 16, 2005)
INSERT [dbo].[DimData] ([DataID], [Data], [Mês], [Dia ], [ano]) VALUES (311, CAST(N'2005-03-20T10:27:58.000' AS DateTime), 3, 20, 2005)
INSERT [dbo].[DimData] ([DataID], [Data], [Mês], [Dia ], [ano]) VALUES (312, CAST(N'2005-04-02T03:35:14.000' AS DateTime), 4, 2, 2005)
INSERT [dbo].[DimData] ([DataID], [Data], [Mês], [Dia ], [ano]) VALUES (313, CAST(N'2005-04-05T08:13:43.000' AS DateTime), 4, 5, 2005)
INSERT [dbo].[DimData] ([DataID], [Data], [Mês], [Dia ], [ano]) VALUES (314, CAST(N'2005-04-13T20:22:54.000' AS DateTime), 4, 13, 2005)
INSERT [dbo].[DimData] ([DataID], [Data], [Mês], [Dia ], [ano]) VALUES (315, CAST(N'2005-04-25T06:24:00.000' AS DateTime), 4, 25, 2005)
INSERT [dbo].[DimData] ([DataID], [Data], [Mês], [Dia ], [ano]) VALUES (316, CAST(N'2005-05-09T05:14:37.000' AS DateTime), 5, 9, 2005)
INSERT [dbo].[DimData] ([DataID], [Data], [Mês], [Dia ], [ano]) VALUES (317, CAST(N'2005-05-20T03:13:05.000' AS DateTime), 5, 20, 2005)
INSERT [dbo].[DimData] ([DataID], [Data], [Mês], [Dia ], [ano]) VALUES (318, CAST(N'2005-03-31T12:57:48.000' AS DateTime), 3, 31, 2005)
INSERT [dbo].[DimData] ([DataID], [Data], [Mês], [Dia ], [ano]) VALUES (319, CAST(N'2005-04-10T09:42:38.000' AS DateTime), 4, 10, 2005)
INSERT [dbo].[DimData] ([DataID], [Data], [Mês], [Dia ], [ano]) VALUES (320, CAST(N'2005-04-15T19:31:38.000' AS DateTime), 4, 15, 2005)
INSERT [dbo].[DimData] ([DataID], [Data], [Mês], [Dia ], [ano]) VALUES (321, CAST(N'2005-05-12T12:17:23.000' AS DateTime), 5, 12, 2005)
INSERT [dbo].[DimData] ([DataID], [Data], [Mês], [Dia ], [ano]) VALUES (322, CAST(N'2005-05-14T16:01:04.000' AS DateTime), 5, 14, 2005)
INSERT [dbo].[DimData] ([DataID], [Data], [Mês], [Dia ], [ano]) VALUES (323, CAST(N'2005-05-27T03:01:08.000' AS DateTime), 5, 27, 2005)
INSERT [dbo].[DimData] ([DataID], [Data], [Mês], [Dia ], [ano]) VALUES (324, CAST(N'2005-05-29T11:46:37.000' AS DateTime), 5, 29, 2005)
INSERT [dbo].[DimData] ([DataID], [Data], [Mês], [Dia ], [ano]) VALUES (325, CAST(N'2005-06-11T00:58:26.000' AS DateTime), 6, 11, 2005)
INSERT [dbo].[DimData] ([DataID], [Data], [Mês], [Dia ], [ano]) VALUES (326, CAST(N'2005-06-12T06:25:27.000' AS DateTime), 6, 12, 2005)
INSERT [dbo].[DimData] ([DataID], [Data], [Mês], [Dia ], [ano]) VALUES (327, CAST(N'2005-06-17T14:17:00.000' AS DateTime), 6, 17, 2005)
INSERT [dbo].[DimData] ([DataID], [Data], [Mês], [Dia ], [ano]) VALUES (328, CAST(N'2005-06-26T18:49:33.000' AS DateTime), 6, 26, 2005)
INSERT [dbo].[DimData] ([DataID], [Data], [Mês], [Dia ], [ano]) VALUES (329, CAST(N'2005-07-06T02:07:08.000' AS DateTime), 7, 6, 2005)
INSERT [dbo].[DimData] ([DataID], [Data], [Mês], [Dia ], [ano]) VALUES (330, CAST(N'2005-07-09T07:33:15.000' AS DateTime), 7, 9, 2005)
INSERT [dbo].[DimData] ([DataID], [Data], [Mês], [Dia ], [ano]) VALUES (331, CAST(N'2005-07-22T22:38:31.000' AS DateTime), 7, 22, 2005)
INSERT [dbo].[DimData] ([DataID], [Data], [Mês], [Dia ], [ano]) VALUES (332, CAST(N'2005-08-13T21:20:58.000' AS DateTime), 8, 13, 2005)
INSERT [dbo].[DimData] ([DataID], [Data], [Mês], [Dia ], [ano]) VALUES (333, CAST(N'2005-08-26T23:56:18.000' AS DateTime), 8, 26, 2005)
INSERT [dbo].[DimData] ([DataID], [Data], [Mês], [Dia ], [ano]) VALUES (334, CAST(N'2005-03-29T20:04:58.000' AS DateTime), 3, 29, 2005)
INSERT [dbo].[DimData] ([DataID], [Data], [Mês], [Dia ], [ano]) VALUES (335, CAST(N'2005-04-20T08:26:58.000' AS DateTime), 4, 20, 2005)
INSERT [dbo].[DimData] ([DataID], [Data], [Mês], [Dia ], [ano]) VALUES (336, CAST(N'2005-04-26T05:50:47.000' AS DateTime), 4, 26, 2005)
INSERT [dbo].[DimData] ([DataID], [Data], [Mês], [Dia ], [ano]) VALUES (337, CAST(N'2005-05-06T23:13:43.000' AS DateTime), 5, 6, 2005)
INSERT [dbo].[DimData] ([DataID], [Data], [Mês], [Dia ], [ano]) VALUES (338, CAST(N'2005-05-25T08:35:59.000' AS DateTime), 5, 25, 2005)
GO
INSERT [dbo].[DimProduto] ([ProdutoID], [Linha], [Produto], [aux]) VALUES (1, N'Familiar', N'Água',   N'FamiliarÁgua')
INSERT [dbo].[DimProduto] ([ProdutoID], [Linha], [Produto], [aux]) VALUES (2, N'Familiar', N'Cacau',   N'FamiliarCacau')
INSERT [dbo].[DimProduto] ([ProdutoID], [Linha], [Produto], [aux]) VALUES (3, N'Familiar', N'Café',   N'FamiliarCafé')
INSERT [dbo].[DimProduto] ([ProdutoID], [Linha], [Produto], [aux]) VALUES (4, N'Familiar', N'Capuccino',   N'FamiliarCapuccino')
INSERT [dbo].[DimProduto] ([ProdutoID], [Linha], [Produto], [aux]) VALUES (5, N'Familiar', N'Chá',   N'FamiliarChá')
INSERT [dbo].[DimProduto] ([ProdutoID], [Linha], [Produto], [aux]) VALUES (6, N'Familiar', N'Cola',   N'FamiliarCola')
INSERT [dbo].[DimProduto] ([ProdutoID], [Linha], [Produto], [aux]) VALUES (7, N'Familiar', N'Sopa',   N'FamiliarSopa')
INSERT [dbo].[DimProduto] ([ProdutoID], [Linha], [Produto], [aux]) VALUES (8, N'Junior', N'Água',   N'JuniorÁgua')
INSERT [dbo].[DimProduto] ([ProdutoID], [Linha], [Produto], [aux]) VALUES (9, N'Junior', N'Cacau',   N'JuniorCacau')
INSERT [dbo].[DimProduto] ([ProdutoID], [Linha], [Produto], [aux]) VALUES (10, N'Junior', N'Café',   N'JuniorCafé')
INSERT [dbo].[DimProduto] ([ProdutoID], [Linha], [Produto], [aux]) VALUES (11, N'Junior', N'Capuccino',   N'JuniorCapuccino')
INSERT [dbo].[DimProduto] ([ProdutoID], [Linha], [Produto], [aux]) VALUES (12, N'Junior', N'Chá',   N'JuniorChá')
INSERT [dbo].[DimProduto] ([ProdutoID], [Linha], [Produto], [aux]) VALUES (13, N'Junior', N'Cola',   N'JuniorCola')
INSERT [dbo].[DimProduto] ([ProdutoID], [Linha], [Produto], [aux]) VALUES (14, N'Junior', N'Sopa',   N'JuniorSopa')
INSERT [dbo].[DimProduto] ([ProdutoID], [Linha], [Produto], [aux]) VALUES (15, N'Light', N'Água',   N'LightÁgua')
INSERT [dbo].[DimProduto] ([ProdutoID], [Linha], [Produto], [aux]) VALUES (16, N'Light', N'Cacau',   N'LightCacau')
INSERT [dbo].[DimProduto] ([ProdutoID], [Linha], [Produto], [aux]) VALUES (17, N'Light', N'Café',   N'LightCafé')
INSERT [dbo].[DimProduto] ([ProdutoID], [Linha], [Produto], [aux]) VALUES (18, N'Light', N'Capuccino',   N'LightCapuccino')
INSERT [dbo].[DimProduto] ([ProdutoID], [Linha], [Produto], [aux]) VALUES (19, N'Light', N'Chá',   N'LightChá')
INSERT [dbo].[DimProduto] ([ProdutoID], [Linha], [Produto], [aux]) VALUES (20, N'Light', N'Cola',   N'LightCola')
INSERT [dbo].[DimProduto] ([ProdutoID], [Linha], [Produto], [aux]) VALUES (21, N'Light', N'Sopa',   N'LightSopa')
INSERT [dbo].[DimProduto] ([ProdutoID], [Linha], [Produto], [aux]) VALUES (22, N'Quality', N'Água',   N'QualityÁgua')
INSERT [dbo].[DimProduto] ([ProdutoID], [Linha], [Produto], [aux]) VALUES (23, N'Quality', N'Cacau',   N'QualityCacau')
INSERT [dbo].[DimProduto] ([ProdutoID], [Linha], [Produto], [aux]) VALUES (24, N'Quality', N'Café',   N'QualityCafé')
INSERT [dbo].[DimProduto] ([ProdutoID], [Linha], [Produto], [aux]) VALUES (25, N'Quality', N'Capuccino',   N'QualityCapuccino')
INSERT [dbo].[DimProduto] ([ProdutoID], [Linha], [Produto], [aux]) VALUES (26, N'Quality', N'Chá',   N'QualityChá')
INSERT [dbo].[DimProduto] ([ProdutoID], [Linha], [Produto], [aux]) VALUES (27, N'Quality', N'Cola',   N'QualityCola')
INSERT [dbo].[DimProduto] ([ProdutoID], [Linha], [Produto], [aux]) VALUES (28, N'Quality', N'Sopa',   N'QualitySopa')
GO
INSERT [dbo].[DimSucursal] ([SucursalID], [Sucursal], [País]) VALUES (1, N'Paris', N'França')
INSERT [dbo].[DimSucursal] ([SucursalID], [Sucursal], [País]) VALUES (2, N'Madrid', N'Espanha')
INSERT [dbo].[DimSucursal] ([SucursalID], [Sucursal], [País]) VALUES (3, N'Barcelona', N'Espanha')
INSERT [dbo].[DimSucursal] ([SucursalID], [Sucursal], [País]) VALUES (4, N'Coimbra', N'Portugal')
INSERT [dbo].[DimSucursal] ([SucursalID], [Sucursal], [País]) VALUES (5, N'Lisboa', N'Portugal')
INSERT [dbo].[DimSucursal] ([SucursalID], [Sucursal], [País]) VALUES (6, N'Londres', N'UK')
INSERT [dbo].[DimSucursal] ([SucursalID], [Sucursal], [País]) VALUES (7, N'Porto', N'Portugal')
GO
INSERT [dbo].[Facts] ([DimData], [DimSucursal], [DimCliente], [DimProduto], [Quantidade], [Vendas]) VALUES (1, 1, 1, 1, 410, 365.11)
INSERT [dbo].[Facts] ([DimData], [DimSucursal], [DimCliente], [DimProduto], [Quantidade], [Vendas]) VALUES (2, 2, 1, 1, 260, 168.83)
INSERT [dbo].[Facts] ([DimData], [DimSucursal], [DimCliente], [DimProduto], [Quantidade], [Vendas]) VALUES (3, 2, 2, 1, 60, 59.69)
INSERT [dbo].[Facts] ([DimData], [DimSucursal], [DimCliente], [DimProduto], [Quantidade], [Vendas]) VALUES (4, 3, 1, 1, 605, 269.79)
INSERT [dbo].[Facts] ([DimData], [DimSucursal], [DimCliente], [DimProduto], [Quantidade], [Vendas]) VALUES (5, 4, 3, 1, 885, 774.86)
INSERT [dbo].[Facts] ([DimData], [DimSucursal], [DimCliente], [DimProduto], [Quantidade], [Vendas]) VALUES (6, 1, 4, 1, 115, 114.09)
INSERT [dbo].[Facts] ([DimData], [DimSucursal], [DimCliente], [DimProduto], [Quantidade], [Vendas]) VALUES (7, 5, 5, 1, 630, 1880.99)
INSERT [dbo].[Facts] ([DimData], [DimSucursal], [DimCliente], [DimProduto], [Quantidade], [Vendas]) VALUES (8, 6, 6, 1, 220, 1355.42)
INSERT [dbo].[Facts] ([DimData], [DimSucursal], [DimCliente], [DimProduto], [Quantidade], [Vendas]) VALUES (9, 6, 7, 1, 220, 230.43)
INSERT [dbo].[Facts] ([DimData], [DimSucursal], [DimCliente], [DimProduto], [Quantidade], [Vendas]) VALUES (10, 7, 7, 1, 550, 3480.86)
INSERT [dbo].[Facts] ([DimData], [DimSucursal], [DimCliente], [DimProduto], [Quantidade], [Vendas]) VALUES (11, 2, 6, 1, 205, 1274.07)
INSERT [dbo].[Facts] ([DimData], [DimSucursal], [DimCliente], [DimProduto], [Quantidade], [Vendas]) VALUES (12, 5, 3, 1, 675, 601.85)
INSERT [dbo].[Facts] ([DimData], [DimSucursal], [DimCliente], [DimProduto], [Quantidade], [Vendas]) VALUES (13, 6, 1, 1, 400, 272.69)
INSERT [dbo].[Facts] ([DimData], [DimSucursal], [DimCliente], [DimProduto], [Quantidade], [Vendas]) VALUES (14, 7, 1, 1, 500, 2522.68)
INSERT [dbo].[Facts] ([DimData], [DimSucursal], [DimCliente], [DimProduto], [Quantidade], [Vendas]) VALUES (15, 5, 5, 1, 395, 357.3)
INSERT [dbo].[Facts] ([DimData], [DimSucursal], [DimCliente], [DimProduto], [Quantidade], [Vendas]) VALUES (16, 2, 3, 1, 50, 223.62)
INSERT [dbo].[Facts] ([DimData], [DimSucursal], [DimCliente], [DimProduto], [Quantidade], [Vendas]) VALUES (17, 4, 1, 1, 640, 1310.98)
INSERT [dbo].[Facts] ([DimData], [DimSucursal], [DimCliente], [DimProduto], [Quantidade], [Vendas]) VALUES (18, 7, 7, 2, 5, 21.89)
INSERT [dbo].[Facts] ([DimData], [DimSucursal], [DimCliente], [DimProduto], [Quantidade], [Vendas]) VALUES (19, 6, 5, 2, 490, 2532.79)
INSERT [dbo].[Facts] ([DimData], [DimSucursal], [DimCliente], [DimProduto], [Quantidade], [Vendas]) VALUES (20, 2, 8, 2, 410, 1848.1)
INSERT [dbo].[Facts] ([DimData], [DimSucursal], [DimCliente], [DimProduto], [Quantidade], [Vendas]) VALUES (21, 7, 9, 2, 355, 1778.81)
INSERT [dbo].[Facts] ([DimData], [DimSucursal], [DimCliente], [DimProduto], [Quantidade], [Vendas]) VALUES (22, 5, 8, 2, 710, 3121.89)
INSERT [dbo].[Facts] ([DimData], [DimSucursal], [DimCliente], [DimProduto], [Quantidade], [Vendas]) VALUES (23, 1, 7, 2, 730, 3251.75)
INSERT [dbo].[Facts] ([DimData], [DimSucursal], [DimCliente], [DimProduto], [Quantidade], [Vendas]) VALUES (24, 1, 2, 2, 655, 3063.16)
INSERT [dbo].[Facts] ([DimData], [DimSucursal], [DimCliente], [DimProduto], [Quantidade], [Vendas]) VALUES (25, 5, 10, 2, 445, 2005.11)
INSERT [dbo].[Facts] ([DimData], [DimSucursal], [DimCliente], [DimProduto], [Quantidade], [Vendas]) VALUES (26, 7, 10, 2, 410, 1957.35)
INSERT [dbo].[Facts] ([DimData], [DimSucursal], [DimCliente], [DimProduto], [Quantidade], [Vendas]) VALUES (27, 7, 3, 2, 325, 1704.66)
INSERT [dbo].[Facts] ([DimData], [DimSucursal], [DimCliente], [DimProduto], [Quantidade], [Vendas]) VALUES (28, 5, 7, 3, 20, 35.84)
INSERT [dbo].[Facts] ([DimData], [DimSucursal], [DimCliente], [DimProduto], [Quantidade], [Vendas]) VALUES (29, 7, 10, 3, 315, 572.64)
INSERT [dbo].[Facts] ([DimData], [DimSucursal], [DimCliente], [DimProduto], [Quantidade], [Vendas]) VALUES (30, 3, 1, 3, 525, 1095.29)
INSERT [dbo].[Facts] ([DimData], [DimSucursal], [DimCliente], [DimProduto], [Quantidade], [Vendas]) VALUES (31, 3, 1, 3, 565, 1233.01)
INSERT [dbo].[Facts] ([DimData], [DimSucursal], [DimCliente], [DimProduto], [Quantidade], [Vendas]) VALUES (32, 4, 3, 3, 265, 492.34)
INSERT [dbo].[Facts] ([DimData], [DimSucursal], [DimCliente], [DimProduto], [Quantidade], [Vendas]) VALUES (33, 7, 11, 3, 715, 1331.21)
INSERT [dbo].[Facts] ([DimData], [DimSucursal], [DimCliente], [DimProduto], [Quantidade], [Vendas]) VALUES (34, 1, 11, 3, 855, 1751.85)
INSERT [dbo].[Facts] ([DimData], [DimSucursal], [DimCliente], [DimProduto], [Quantidade], [Vendas]) VALUES (35, 3, 4, 3, 800, 1438.51)
INSERT [dbo].[Facts] ([DimData], [DimSucursal], [DimCliente], [DimProduto], [Quantidade], [Vendas]) VALUES (36, 6, 1, 3, 980, 2116.87)
INSERT [dbo].[Facts] ([DimData], [DimSucursal], [DimCliente], [DimProduto], [Quantidade], [Vendas]) VALUES (37, 1, 7, 3, 850, 1718.3)
INSERT [dbo].[Facts] ([DimData], [DimSucursal], [DimCliente], [DimProduto], [Quantidade], [Vendas]) VALUES (38, 7, 12, 3, 205, 392.46)
INSERT [dbo].[Facts] ([DimData], [DimSucursal], [DimCliente], [DimProduto], [Quantidade], [Vendas]) VALUES (39, 7, 9, 3, 940, 1826.34)
INSERT [dbo].[Facts] ([DimData], [DimSucursal], [DimCliente], [DimProduto], [Quantidade], [Vendas]) VALUES (40, 5, 5, 4, 755, 2801.51)
INSERT [dbo].[Facts] ([DimData], [DimSucursal], [DimCliente], [DimProduto], [Quantidade], [Vendas]) VALUES (41, 2, 4, 4, 865, 3410.77)
INSERT [dbo].[Facts] ([DimData], [DimSucursal], [DimCliente], [DimProduto], [Quantidade], [Vendas]) VALUES (42, 3, 11, 4, 900, 3404.34)
INSERT [dbo].[Facts] ([DimData], [DimSucursal], [DimCliente], [DimProduto], [Quantidade], [Vendas]) VALUES (43, 2, 1, 4, 450, 700.48)
INSERT [dbo].[Facts] ([DimData], [DimSucursal], [DimCliente], [DimProduto], [Quantidade], [Vendas]) VALUES (44, 7, 5, 4, 90, 368.07)
INSERT [dbo].[Facts] ([DimData], [DimSucursal], [DimCliente], [DimProduto], [Quantidade], [Vendas]) VALUES (45, 7, 12, 4, 995, 3829.18)
INSERT [dbo].[Facts] ([DimData], [DimSucursal], [DimCliente], [DimProduto], [Quantidade], [Vendas]) VALUES (46, 2, 4, 4, 275, 992.68)
INSERT [dbo].[Facts] ([DimData], [DimSucursal], [DimCliente], [DimProduto], [Quantidade], [Vendas]) VALUES (47, 5, 6, 4, 895, 3554.01)
INSERT [dbo].[Facts] ([DimData], [DimSucursal], [DimCliente], [DimProduto], [Quantidade], [Vendas]) VALUES (48, 4, 13, 4, 865, 3458.58)
INSERT [dbo].[Facts] ([DimData], [DimSucursal], [DimCliente], [DimProduto], [Quantidade], [Vendas]) VALUES (49, 7, 4, 5, 345, 1018.55)
INSERT [dbo].[Facts] ([DimData], [DimSucursal], [DimCliente], [DimProduto], [Quantidade], [Vendas]) VALUES (50, 6, 6, 5, 410, 1281.69)
INSERT [dbo].[Facts] ([DimData], [DimSucursal], [DimCliente], [DimProduto], [Quantidade], [Vendas]) VALUES (51, 7, 11, 5, 400, 1240.73)
INSERT [dbo].[Facts] ([DimData], [DimSucursal], [DimCliente], [DimProduto], [Quantidade], [Vendas]) VALUES (52, 3, 14, 5, 225, 608.01)
INSERT [dbo].[Facts] ([DimData], [DimSucursal], [DimCliente], [DimProduto], [Quantidade], [Vendas]) VALUES (53, 5, 9, 5, 100, 296.98)
INSERT [dbo].[Facts] ([DimData], [DimSucursal], [DimCliente], [DimProduto], [Quantidade], [Vendas]) VALUES (54, 6, 15, 5, 30, 82.55)
INSERT [dbo].[Facts] ([DimData], [DimSucursal], [DimCliente], [DimProduto], [Quantidade], [Vendas]) VALUES (55, 7, 16, 5, 150, 451.46)
INSERT [dbo].[Facts] ([DimData], [DimSucursal], [DimCliente], [DimProduto], [Quantidade], [Vendas]) VALUES (56, 1, 14, 5, 465, 1361.65)
INSERT [dbo].[Facts] ([DimData], [DimSucursal], [DimCliente], [DimProduto], [Quantidade], [Vendas]) VALUES (57, 5, 16, 5, 440, 1362.85)
INSERT [dbo].[Facts] ([DimData], [DimSucursal], [DimCliente], [DimProduto], [Quantidade], [Vendas]) VALUES (58, 2, 1, 6, 205, 607.35)
INSERT [dbo].[Facts] ([DimData], [DimSucursal], [DimCliente], [DimProduto], [Quantidade], [Vendas]) VALUES (59, 3, 10, 6, 80, 236.11)
INSERT [dbo].[Facts] ([DimData], [DimSucursal], [DimCliente], [DimProduto], [Quantidade], [Vendas]) VALUES (60, 2, 8, 6, 90, 269.55)
INSERT [dbo].[Facts] ([DimData], [DimSucursal], [DimCliente], [DimProduto], [Quantidade], [Vendas]) VALUES (61, 7, 1, 6, 965, 3071.28)
INSERT [dbo].[Facts] ([DimData], [DimSucursal], [DimCliente], [DimProduto], [Quantidade], [Vendas]) VALUES (62, 3, 17, 6, 760, 2227.03)
INSERT [dbo].[Facts] ([DimData], [DimSucursal], [DimCliente], [DimProduto], [Quantidade], [Vendas]) VALUES (63, 5, 5, 6, 265, 713.51)
INSERT [dbo].[Facts] ([DimData], [DimSucursal], [DimCliente], [DimProduto], [Quantidade], [Vendas]) VALUES (64, 3, 1, 6, 5, 14.27)
INSERT [dbo].[Facts] ([DimData], [DimSucursal], [DimCliente], [DimProduto], [Quantidade], [Vendas]) VALUES (65, 4, 11, 6, 975, 4726.14)
INSERT [dbo].[Facts] ([DimData], [DimSucursal], [DimCliente], [DimProduto], [Quantidade], [Vendas]) VALUES (66, 2, 15, 6, 450, 1645.9)
INSERT [dbo].[Facts] ([DimData], [DimSucursal], [DimCliente], [DimProduto], [Quantidade], [Vendas]) VALUES (67, 7, 1, 6, 320, 1024.32)
INSERT [dbo].[Facts] ([DimData], [DimSucursal], [DimCliente], [DimProduto], [Quantidade], [Vendas]) VALUES (68, 2, 1, 6, 465, 1668.93)
INSERT [dbo].[Facts] ([DimData], [DimSucursal], [DimCliente], [DimProduto], [Quantidade], [Vendas]) VALUES (69, 4, 15, 6, 285, 2074.82)
INSERT [dbo].[Facts] ([DimData], [DimSucursal], [DimCliente], [DimProduto], [Quantidade], [Vendas]) VALUES (70, 6, 9, 6, 370, 2415.93)
INSERT [dbo].[Facts] ([DimData], [DimSucursal], [DimCliente], [DimProduto], [Quantidade], [Vendas]) VALUES (71, 2, 16, 7, 895, 6037.4)
INSERT [dbo].[Facts] ([DimData], [DimSucursal], [DimCliente], [DimProduto], [Quantidade], [Vendas]) VALUES (72, 1, 6, 7, 345, 2279.08)
INSERT [dbo].[Facts] ([DimData], [DimSucursal], [DimCliente], [DimProduto], [Quantidade], [Vendas]) VALUES (73, 7, 10, 7, 690, 4793.51)
INSERT [dbo].[Facts] ([DimData], [DimSucursal], [DimCliente], [DimProduto], [Quantidade], [Vendas]) VALUES (74, 6, 2, 7, 485, 3271.49)
INSERT [dbo].[Facts] ([DimData], [DimSucursal], [DimCliente], [DimProduto], [Quantidade], [Vendas]) VALUES (75, 5, 15, 7, 760, 4758.62)
INSERT [dbo].[Facts] ([DimData], [DimSucursal], [DimCliente], [DimProduto], [Quantidade], [Vendas]) VALUES (76, 5, 15, 7, 145, 1045.11)
INSERT [dbo].[Facts] ([DimData], [DimSucursal], [DimCliente], [DimProduto], [Quantidade], [Vendas]) VALUES (77, 6, 13, 8, 250, 224.9)
INSERT [dbo].[Facts] ([DimData], [DimSucursal], [DimCliente], [DimProduto], [Quantidade], [Vendas]) VALUES (78, 3, 3, 8, 560, 238.16)
INSERT [dbo].[Facts] ([DimData], [DimSucursal], [DimCliente], [DimProduto], [Quantidade], [Vendas]) VALUES (79, 3, 15, 8, 785, 315.67)
INSERT [dbo].[Facts] ([DimData], [DimSucursal], [DimCliente], [DimProduto], [Quantidade], [Vendas]) VALUES (80, 3, 6, 8, 760, 305.92)
INSERT [dbo].[Facts] ([DimData], [DimSucursal], [DimCliente], [DimProduto], [Quantidade], [Vendas]) VALUES (81, 3, 10, 8, 790, 326.39)
INSERT [dbo].[Facts] ([DimData], [DimSucursal], [DimCliente], [DimProduto], [Quantidade], [Vendas]) VALUES (82, 3, 3, 8, 440, 174.53)
INSERT [dbo].[Facts] ([DimData], [DimSucursal], [DimCliente], [DimProduto], [Quantidade], [Vendas]) VALUES (83, 2, 13, 8, 200, 86.87)
INSERT [dbo].[Facts] ([DimData], [DimSucursal], [DimCliente], [DimProduto], [Quantidade], [Vendas]) VALUES (84, 2, 12, 8, 465, 178.37)
INSERT [dbo].[Facts] ([DimData], [DimSucursal], [DimCliente], [DimProduto], [Quantidade], [Vendas]) VALUES (85, 6, 15, 8, 410, 402.73)
INSERT [dbo].[Facts] ([DimData], [DimSucursal], [DimCliente], [DimProduto], [Quantidade], [Vendas]) VALUES (86, 3, 12, 8, 465, 206.68)
INSERT [dbo].[Facts] ([DimData], [DimSucursal], [DimCliente], [DimProduto], [Quantidade], [Vendas]) VALUES (87, 5, 5, 8, 715, 278.92)
INSERT [dbo].[Facts] ([DimData], [DimSucursal], [DimCliente], [DimProduto], [Quantidade], [Vendas]) VALUES (88, 2, 8, 8, 185, 242.85)
INSERT [dbo].[Facts] ([DimData], [DimSucursal], [DimCliente], [DimProduto], [Quantidade], [Vendas]) VALUES (89, 5, 9, 8, 985, 399.81)
INSERT [dbo].[Facts] ([DimData], [DimSucursal], [DimCliente], [DimProduto], [Quantidade], [Vendas]) VALUES (90, 5, 2, 8, 610, 251.07)
INSERT [dbo].[Facts] ([DimData], [DimSucursal], [DimCliente], [DimProduto], [Quantidade], [Vendas]) VALUES (91, 1, 15, 8, 380, 397.93)
INSERT [dbo].[Facts] ([DimData], [DimSucursal], [DimCliente], [DimProduto], [Quantidade], [Vendas]) VALUES (92, 7, 13, 8, 770, 775.45)
INSERT [dbo].[Facts] ([DimData], [DimSucursal], [DimCliente], [DimProduto], [Quantidade], [Vendas]) VALUES (93, 3, 6, 8, 340, 1024.65)
INSERT [dbo].[Facts] ([DimData], [DimSucursal], [DimCliente], [DimProduto], [Quantidade], [Vendas]) VALUES (94, 1, 11, 8, 35, 14.24)
INSERT [dbo].[Facts] ([DimData], [DimSucursal], [DimCliente], [DimProduto], [Quantidade], [Vendas]) VALUES (95, 7, 18, 8, 580, 233.85)
INSERT [dbo].[Facts] ([DimData], [DimSucursal], [DimCliente], [DimProduto], [Quantidade], [Vendas]) VALUES (96, 5, 13, 8, 300, 134.11)
INSERT [dbo].[Facts] ([DimData], [DimSucursal], [DimCliente], [DimProduto], [Quantidade], [Vendas]) VALUES (97, 4, 12, 8, 245, 103.46)
INSERT [dbo].[Facts] ([DimData], [DimSucursal], [DimCliente], [DimProduto], [Quantidade], [Vendas]) VALUES (98, 2, 13, 8, 220, 451.35)
INSERT [dbo].[Facts] ([DimData], [DimSucursal], [DimCliente], [DimProduto], [Quantidade], [Vendas]) VALUES (99, 1, 10, 8, 165, 361.75)
INSERT [dbo].[Facts] ([DimData], [DimSucursal], [DimCliente], [DimProduto], [Quantidade], [Vendas]) VALUES (100, 4, 18, 8, 925, 1077.5)
GO
INSERT [dbo].[Facts] ([DimData], [DimSucursal], [DimCliente], [DimProduto], [Quantidade], [Vendas]) VALUES (101, 3, 12, 8, 610, 1083.82)
INSERT [dbo].[Facts] ([DimData], [DimSucursal], [DimCliente], [DimProduto], [Quantidade], [Vendas]) VALUES (102, 4, 13, 8, 950, 4553.46)
INSERT [dbo].[Facts] ([DimData], [DimSucursal], [DimCliente], [DimProduto], [Quantidade], [Vendas]) VALUES (103, 6, 7, 8, 150, 66.41)
INSERT [dbo].[Facts] ([DimData], [DimSucursal], [DimCliente], [DimProduto], [Quantidade], [Vendas]) VALUES (104, 5, 13, 9, 195, 672.76)
INSERT [dbo].[Facts] ([DimData], [DimSucursal], [DimCliente], [DimProduto], [Quantidade], [Vendas]) VALUES (105, 7, 4, 9, 780, 1639.93)
INSERT [dbo].[Facts] ([DimData], [DimSucursal], [DimCliente], [DimProduto], [Quantidade], [Vendas]) VALUES (106, 6, 2, 9, 320, 684.31)
INSERT [dbo].[Facts] ([DimData], [DimSucursal], [DimCliente], [DimProduto], [Quantidade], [Vendas]) VALUES (107, 7, 6, 9, 720, 1507.07)
INSERT [dbo].[Facts] ([DimData], [DimSucursal], [DimCliente], [DimProduto], [Quantidade], [Vendas]) VALUES (108, 1, 2, 9, 890, 1992.82)
INSERT [dbo].[Facts] ([DimData], [DimSucursal], [DimCliente], [DimProduto], [Quantidade], [Vendas]) VALUES (109, 6, 11, 9, 960, 2058.78)
INSERT [dbo].[Facts] ([DimData], [DimSucursal], [DimCliente], [DimProduto], [Quantidade], [Vendas]) VALUES (110, 2, 15, 9, 15, 29.37)
INSERT [dbo].[Facts] ([DimData], [DimSucursal], [DimCliente], [DimProduto], [Quantidade], [Vendas]) VALUES (111, 5, 5, 9, 785, 1725.17)
INSERT [dbo].[Facts] ([DimData], [DimSucursal], [DimCliente], [DimProduto], [Quantidade], [Vendas]) VALUES (112, 3, 9, 9, 685, 1364.1)
INSERT [dbo].[Facts] ([DimData], [DimSucursal], [DimCliente], [DimProduto], [Quantidade], [Vendas]) VALUES (113, 1, 8, 9, 875, 1938.65)
INSERT [dbo].[Facts] ([DimData], [DimSucursal], [DimCliente], [DimProduto], [Quantidade], [Vendas]) VALUES (114, 3, 13, 9, 735, 3409.87)
INSERT [dbo].[Facts] ([DimData], [DimSucursal], [DimCliente], [DimProduto], [Quantidade], [Vendas]) VALUES (115, 5, 15, 9, 775, 4421.56)
INSERT [dbo].[Facts] ([DimData], [DimSucursal], [DimCliente], [DimProduto], [Quantidade], [Vendas]) VALUES (116, 7, 3, 10, 20, 16.34)
INSERT [dbo].[Facts] ([DimData], [DimSucursal], [DimCliente], [DimProduto], [Quantidade], [Vendas]) VALUES (117, 5, 9, 10, 925, 799.96)
INSERT [dbo].[Facts] ([DimData], [DimSucursal], [DimCliente], [DimProduto], [Quantidade], [Vendas]) VALUES (118, 5, 11, 10, 810, 641.83)
INSERT [dbo].[Facts] ([DimData], [DimSucursal], [DimCliente], [DimProduto], [Quantidade], [Vendas]) VALUES (119, 3, 17, 10, 215, 175.43)
INSERT [dbo].[Facts] ([DimData], [DimSucursal], [DimCliente], [DimProduto], [Quantidade], [Vendas]) VALUES (120, 6, 10, 10, 390, 349.98)
INSERT [dbo].[Facts] ([DimData], [DimSucursal], [DimCliente], [DimProduto], [Quantidade], [Vendas]) VALUES (121, 1, 13, 10, 245, 559.94)
INSERT [dbo].[Facts] ([DimData], [DimSucursal], [DimCliente], [DimProduto], [Quantidade], [Vendas]) VALUES (122, 6, 13, 10, 365, 794.97)
INSERT [dbo].[Facts] ([DimData], [DimSucursal], [DimCliente], [DimProduto], [Quantidade], [Vendas]) VALUES (123, 3, 2, 10, 690, 548.7)
INSERT [dbo].[Facts] ([DimData], [DimSucursal], [DimCliente], [DimProduto], [Quantidade], [Vendas]) VALUES (124, 7, 2, 10, 750, 664.38)
INSERT [dbo].[Facts] ([DimData], [DimSucursal], [DimCliente], [DimProduto], [Quantidade], [Vendas]) VALUES (125, 3, 2, 11, 335, 558.33)
INSERT [dbo].[Facts] ([DimData], [DimSucursal], [DimCliente], [DimProduto], [Quantidade], [Vendas]) VALUES (126, 5, 12, 11, 120, 193.01)
INSERT [dbo].[Facts] ([DimData], [DimSucursal], [DimCliente], [DimProduto], [Quantidade], [Vendas]) VALUES (127, 6, 2, 11, 710, 1124.5)
INSERT [dbo].[Facts] ([DimData], [DimSucursal], [DimCliente], [DimProduto], [Quantidade], [Vendas]) VALUES (128, 6, 18, 12, 195, 381.22)
INSERT [dbo].[Facts] ([DimData], [DimSucursal], [DimCliente], [DimProduto], [Quantidade], [Vendas]) VALUES (129, 4, 18, 12, 825, 1015.98)
INSERT [dbo].[Facts] ([DimData], [DimSucursal], [DimCliente], [DimProduto], [Quantidade], [Vendas]) VALUES (130, 3, 4, 12, 245, 285.17)
INSERT [dbo].[Facts] ([DimData], [DimSucursal], [DimCliente], [DimProduto], [Quantidade], [Vendas]) VALUES (131, 3, 5, 12, 330, 372.18)
INSERT [dbo].[Facts] ([DimData], [DimSucursal], [DimCliente], [DimProduto], [Quantidade], [Vendas]) VALUES (132, 2, 16, 12, 830, 1009.2)
INSERT [dbo].[Facts] ([DimData], [DimSucursal], [DimCliente], [DimProduto], [Quantidade], [Vendas]) VALUES (133, 7, 5, 12, 205, 242.69)
INSERT [dbo].[Facts] ([DimData], [DimSucursal], [DimCliente], [DimProduto], [Quantidade], [Vendas]) VALUES (134, 3, 11, 13, 610, 755.03)
INSERT [dbo].[Facts] ([DimData], [DimSucursal], [DimCliente], [DimProduto], [Quantidade], [Vendas]) VALUES (135, 5, 13, 13, 970, 1144.88)
INSERT [dbo].[Facts] ([DimData], [DimSucursal], [DimCliente], [DimProduto], [Quantidade], [Vendas]) VALUES (136, 5, 10, 13, 640, 829.06)
INSERT [dbo].[Facts] ([DimData], [DimSucursal], [DimCliente], [DimProduto], [Quantidade], [Vendas]) VALUES (137, 6, 8, 13, 830, 949.91)
INSERT [dbo].[Facts] ([DimData], [DimSucursal], [DimCliente], [DimProduto], [Quantidade], [Vendas]) VALUES (138, 3, 11, 13, 675, 868.74)
INSERT [dbo].[Facts] ([DimData], [DimSucursal], [DimCliente], [DimProduto], [Quantidade], [Vendas]) VALUES (139, 5, 11, 13, 460, 577.76)
INSERT [dbo].[Facts] ([DimData], [DimSucursal], [DimCliente], [DimProduto], [Quantidade], [Vendas]) VALUES (140, 3, 6, 13, 265, 329.64)
INSERT [dbo].[Facts] ([DimData], [DimSucursal], [DimCliente], [DimProduto], [Quantidade], [Vendas]) VALUES (141, 7, 4, 13, 360, 474.89)
INSERT [dbo].[Facts] ([DimData], [DimSucursal], [DimCliente], [DimProduto], [Quantidade], [Vendas]) VALUES (142, 7, 13, 13, 740, 2141.89)
INSERT [dbo].[Facts] ([DimData], [DimSucursal], [DimCliente], [DimProduto], [Quantidade], [Vendas]) VALUES (143, 6, 10, 13, 655, 799.73)
INSERT [dbo].[Facts] ([DimData], [DimSucursal], [DimCliente], [DimProduto], [Quantidade], [Vendas]) VALUES (144, 2, 11, 13, 5, 5.72)
INSERT [dbo].[Facts] ([DimData], [DimSucursal], [DimCliente], [DimProduto], [Quantidade], [Vendas]) VALUES (145, 7, 18, 13, 470, 1562.53)
INSERT [dbo].[Facts] ([DimData], [DimSucursal], [DimCliente], [DimProduto], [Quantidade], [Vendas]) VALUES (146, 2, 18, 13, 745, 1589.09)
INSERT [dbo].[Facts] ([DimData], [DimSucursal], [DimCliente], [DimProduto], [Quantidade], [Vendas]) VALUES (147, 4, 3, 13, 305, 401.74)
INSERT [dbo].[Facts] ([DimData], [DimSucursal], [DimCliente], [DimProduto], [Quantidade], [Vendas]) VALUES (148, 5, 17, 13, 205, 269.55)
INSERT [dbo].[Facts] ([DimData], [DimSucursal], [DimCliente], [DimProduto], [Quantidade], [Vendas]) VALUES (149, 5, 1, 13, 805, 1025.08)
INSERT [dbo].[Facts] ([DimData], [DimSucursal], [DimCliente], [DimProduto], [Quantidade], [Vendas]) VALUES (150, 5, 18, 14, 135, 375.86)
INSERT [dbo].[Facts] ([DimData], [DimSucursal], [DimCliente], [DimProduto], [Quantidade], [Vendas]) VALUES (151, 1, 18, 14, 700, 5034.19)
INSERT [dbo].[Facts] ([DimData], [DimSucursal], [DimCliente], [DimProduto], [Quantidade], [Vendas]) VALUES (152, 2, 18, 14, 910, 2502.77)
INSERT [dbo].[Facts] ([DimData], [DimSucursal], [DimCliente], [DimProduto], [Quantidade], [Vendas]) VALUES (153, 5, 17, 14, 45, 129.35)
INSERT [dbo].[Facts] ([DimData], [DimSucursal], [DimCliente], [DimProduto], [Quantidade], [Vendas]) VALUES (154, 3, 18, 14, 315, 2083.09)
INSERT [dbo].[Facts] ([DimData], [DimSucursal], [DimCliente], [DimProduto], [Quantidade], [Vendas]) VALUES (155, 6, 10, 14, 460, 1250.32)
INSERT [dbo].[Facts] ([DimData], [DimSucursal], [DimCliente], [DimProduto], [Quantidade], [Vendas]) VALUES (156, 5, 6, 14, 905, 2643.57)
INSERT [dbo].[Facts] ([DimData], [DimSucursal], [DimCliente], [DimProduto], [Quantidade], [Vendas]) VALUES (157, 3, 13, 14, 70, 487.27)
INSERT [dbo].[Facts] ([DimData], [DimSucursal], [DimCliente], [DimProduto], [Quantidade], [Vendas]) VALUES (158, 5, 18, 14, 315, 2541.78)
INSERT [dbo].[Facts] ([DimData], [DimSucursal], [DimCliente], [DimProduto], [Quantidade], [Vendas]) VALUES (159, 7, 12, 14, 295, 872.24)
INSERT [dbo].[Facts] ([DimData], [DimSucursal], [DimCliente], [DimProduto], [Quantidade], [Vendas]) VALUES (160, 5, 8, 14, 155, 439.51)
INSERT [dbo].[Facts] ([DimData], [DimSucursal], [DimCliente], [DimProduto], [Quantidade], [Vendas]) VALUES (161, 5, 10, 14, 965, 2926.98)
INSERT [dbo].[Facts] ([DimData], [DimSucursal], [DimCliente], [DimProduto], [Quantidade], [Vendas]) VALUES (162, 7, 19, 15, 445, 460.8)
INSERT [dbo].[Facts] ([DimData], [DimSucursal], [DimCliente], [DimProduto], [Quantidade], [Vendas]) VALUES (163, 5, 20, 15, 690, 270.59)
INSERT [dbo].[Facts] ([DimData], [DimSucursal], [DimCliente], [DimProduto], [Quantidade], [Vendas]) VALUES (164, 1, 5, 15, 185, 124.87)
INSERT [dbo].[Facts] ([DimData], [DimSucursal], [DimCliente], [DimProduto], [Quantidade], [Vendas]) VALUES (165, 6, 16, 15, 905, 594.37)
INSERT [dbo].[Facts] ([DimData], [DimSucursal], [DimCliente], [DimProduto], [Quantidade], [Vendas]) VALUES (166, 7, 19, 15, 950, 1064.7)
INSERT [dbo].[Facts] ([DimData], [DimSucursal], [DimCliente], [DimProduto], [Quantidade], [Vendas]) VALUES (167, 6, 3, 15, 50, 36.87)
INSERT [dbo].[Facts] ([DimData], [DimSucursal], [DimCliente], [DimProduto], [Quantidade], [Vendas]) VALUES (168, 5, 7, 15, 180, 117.2)
INSERT [dbo].[Facts] ([DimData], [DimSucursal], [DimCliente], [DimProduto], [Quantidade], [Vendas]) VALUES (169, 2, 16, 15, 110, 100.71)
INSERT [dbo].[Facts] ([DimData], [DimSucursal], [DimCliente], [DimProduto], [Quantidade], [Vendas]) VALUES (170, 1, 16, 15, 465, 201.41)
INSERT [dbo].[Facts] ([DimData], [DimSucursal], [DimCliente], [DimProduto], [Quantidade], [Vendas]) VALUES (171, 5, 16, 15, 325, 289.42)
INSERT [dbo].[Facts] ([DimData], [DimSucursal], [DimCliente], [DimProduto], [Quantidade], [Vendas]) VALUES (172, 5, 16, 15, 615, 630.92)
INSERT [dbo].[Facts] ([DimData], [DimSucursal], [DimCliente], [DimProduto], [Quantidade], [Vendas]) VALUES (173, 7, 9, 15, 990, 1864.72)
INSERT [dbo].[Facts] ([DimData], [DimSucursal], [DimCliente], [DimProduto], [Quantidade], [Vendas]) VALUES (174, 6, 7, 15, 195, 422.67)
INSERT [dbo].[Facts] ([DimData], [DimSucursal], [DimCliente], [DimProduto], [Quantidade], [Vendas]) VALUES (175, 4, 19, 15, 580, 535.36)
INSERT [dbo].[Facts] ([DimData], [DimSucursal], [DimCliente], [DimProduto], [Quantidade], [Vendas]) VALUES (176, 2, 20, 15, 140, 57.18)
INSERT [dbo].[Facts] ([DimData], [DimSucursal], [DimCliente], [DimProduto], [Quantidade], [Vendas]) VALUES (177, 5, 11, 15, 510, 344.06)
INSERT [dbo].[Facts] ([DimData], [DimSucursal], [DimCliente], [DimProduto], [Quantidade], [Vendas]) VALUES (178, 5, 9, 15, 830, 604.64)
INSERT [dbo].[Facts] ([DimData], [DimSucursal], [DimCliente], [DimProduto], [Quantidade], [Vendas]) VALUES (179, 2, 19, 15, 770, 342.82)
INSERT [dbo].[Facts] ([DimData], [DimSucursal], [DimCliente], [DimProduto], [Quantidade], [Vendas]) VALUES (180, 2, 16, 15, 135, 96.93)
INSERT [dbo].[Facts] ([DimData], [DimSucursal], [DimCliente], [DimProduto], [Quantidade], [Vendas]) VALUES (181, 2, 20, 15, 40, 43.5)
INSERT [dbo].[Facts] ([DimData], [DimSucursal], [DimCliente], [DimProduto], [Quantidade], [Vendas]) VALUES (182, 7, 19, 15, 55, 56.57)
INSERT [dbo].[Facts] ([DimData], [DimSucursal], [DimCliente], [DimProduto], [Quantidade], [Vendas]) VALUES (183, 7, 19, 15, 665, 644.06)
INSERT [dbo].[Facts] ([DimData], [DimSucursal], [DimCliente], [DimProduto], [Quantidade], [Vendas]) VALUES (184, 4, 20, 15, 505, 2313.01)
INSERT [dbo].[Facts] ([DimData], [DimSucursal], [DimCliente], [DimProduto], [Quantidade], [Vendas]) VALUES (185, 7, 20, 15, 40, 40.28)
INSERT [dbo].[Facts] ([DimData], [DimSucursal], [DimCliente], [DimProduto], [Quantidade], [Vendas]) VALUES (186, 6, 8, 15, 295, 215.16)
INSERT [dbo].[Facts] ([DimData], [DimSucursal], [DimCliente], [DimProduto], [Quantidade], [Vendas]) VALUES (187, 4, 5, 15, 440, 1293.47)
INSERT [dbo].[Facts] ([DimData], [DimSucursal], [DimCliente], [DimProduto], [Quantidade], [Vendas]) VALUES (188, 7, 17, 15, 690, 2574.77)
INSERT [dbo].[Facts] ([DimData], [DimSucursal], [DimCliente], [DimProduto], [Quantidade], [Vendas]) VALUES (189, 4, 20, 15, 285, 198.82)
INSERT [dbo].[Facts] ([DimData], [DimSucursal], [DimCliente], [DimProduto], [Quantidade], [Vendas]) VALUES (190, 2, 17, 16, 95, 349.24)
INSERT [dbo].[Facts] ([DimData], [DimSucursal], [DimCliente], [DimProduto], [Quantidade], [Vendas]) VALUES (191, 1, 8, 16, 765, 2466.41)
INSERT [dbo].[Facts] ([DimData], [DimSucursal], [DimCliente], [DimProduto], [Quantidade], [Vendas]) VALUES (192, 1, 4, 16, 635, 2002.72)
INSERT [dbo].[Facts] ([DimData], [DimSucursal], [DimCliente], [DimProduto], [Quantidade], [Vendas]) VALUES (193, 6, 17, 16, 530, 1945.81)
INSERT [dbo].[Facts] ([DimData], [DimSucursal], [DimCliente], [DimProduto], [Quantidade], [Vendas]) VALUES (194, 2, 20, 16, 795, 3912.08)
INSERT [dbo].[Facts] ([DimData], [DimSucursal], [DimCliente], [DimProduto], [Quantidade], [Vendas]) VALUES (195, 6, 19, 16, 375, 1774.32)
INSERT [dbo].[Facts] ([DimData], [DimSucursal], [DimCliente], [DimProduto], [Quantidade], [Vendas]) VALUES (196, 3, 12, 16, 160, 503.11)
INSERT [dbo].[Facts] ([DimData], [DimSucursal], [DimCliente], [DimProduto], [Quantidade], [Vendas]) VALUES (197, 1, 12, 16, 145, 488.91)
INSERT [dbo].[Facts] ([DimData], [DimSucursal], [DimCliente], [DimProduto], [Quantidade], [Vendas]) VALUES (198, 5, 15, 16, 495, 1768.32)
INSERT [dbo].[Facts] ([DimData], [DimSucursal], [DimCliente], [DimProduto], [Quantidade], [Vendas]) VALUES (199, 4, 19, 16, 140, 718.39)
INSERT [dbo].[Facts] ([DimData], [DimSucursal], [DimCliente], [DimProduto], [Quantidade], [Vendas]) VALUES (200, 7, 19, 16, 955, 5181.1)
GO
INSERT [dbo].[Facts] ([DimData], [DimSucursal], [DimCliente], [DimProduto], [Quantidade], [Vendas]) VALUES (201, 5, 19, 16, 880, 3241.56)
INSERT [dbo].[Facts] ([DimData], [DimSucursal], [DimCliente], [DimProduto], [Quantidade], [Vendas]) VALUES (202, 4, 9, 16, 685, 2343.49)
INSERT [dbo].[Facts] ([DimData], [DimSucursal], [DimCliente], [DimProduto], [Quantidade], [Vendas]) VALUES (203, 2, 19, 17, 510, 743.06)
INSERT [dbo].[Facts] ([DimData], [DimSucursal], [DimCliente], [DimProduto], [Quantidade], [Vendas]) VALUES (204, 6, 6, 17, 920, 1346.2)
INSERT [dbo].[Facts] ([DimData], [DimSucursal], [DimCliente], [DimProduto], [Quantidade], [Vendas]) VALUES (205, 2, 19, 17, 950, 1970.76)
INSERT [dbo].[Facts] ([DimData], [DimSucursal], [DimCliente], [DimProduto], [Quantidade], [Vendas]) VALUES (206, 2, 8, 17, 950, 1205.7)
INSERT [dbo].[Facts] ([DimData], [DimSucursal], [DimCliente], [DimProduto], [Quantidade], [Vendas]) VALUES (207, 2, 19, 17, 440, 581.11)
INSERT [dbo].[Facts] ([DimData], [DimSucursal], [DimCliente], [DimProduto], [Quantidade], [Vendas]) VALUES (208, 7, 19, 17, 505, 734.11)
INSERT [dbo].[Facts] ([DimData], [DimSucursal], [DimCliente], [DimProduto], [Quantidade], [Vendas]) VALUES (209, 3, 4, 18, 740, 2156.47)
INSERT [dbo].[Facts] ([DimData], [DimSucursal], [DimCliente], [DimProduto], [Quantidade], [Vendas]) VALUES (210, 3, 6, 18, 735, 1874.23)
INSERT [dbo].[Facts] ([DimData], [DimSucursal], [DimCliente], [DimProduto], [Quantidade], [Vendas]) VALUES (211, 1, 2, 18, 440, 1118.19)
INSERT [dbo].[Facts] ([DimData], [DimSucursal], [DimCliente], [DimProduto], [Quantidade], [Vendas]) VALUES (212, 2, 19, 18, 720, 2014.77)
INSERT [dbo].[Facts] ([DimData], [DimSucursal], [DimCliente], [DimProduto], [Quantidade], [Vendas]) VALUES (213, 7, 19, 18, 625, 2198.1)
INSERT [dbo].[Facts] ([DimData], [DimSucursal], [DimCliente], [DimProduto], [Quantidade], [Vendas]) VALUES (214, 6, 6, 18, 520, 1330.83)
INSERT [dbo].[Facts] ([DimData], [DimSucursal], [DimCliente], [DimProduto], [Quantidade], [Vendas]) VALUES (215, 6, 19, 18, 520, 2418.72)
INSERT [dbo].[Facts] ([DimData], [DimSucursal], [DimCliente], [DimProduto], [Quantidade], [Vendas]) VALUES (216, 4, 12, 18, 95, 246)
INSERT [dbo].[Facts] ([DimData], [DimSucursal], [DimCliente], [DimProduto], [Quantidade], [Vendas]) VALUES (217, 6, 17, 18, 955, 2580.19)
INSERT [dbo].[Facts] ([DimData], [DimSucursal], [DimCliente], [DimProduto], [Quantidade], [Vendas]) VALUES (218, 7, 19, 19, 425, 1376.41)
INSERT [dbo].[Facts] ([DimData], [DimSucursal], [DimCliente], [DimProduto], [Quantidade], [Vendas]) VALUES (219, 6, 17, 19, 675, 1513.81)
INSERT [dbo].[Facts] ([DimData], [DimSucursal], [DimCliente], [DimProduto], [Quantidade], [Vendas]) VALUES (220, 1, 16, 19, 245, 500.87)
INSERT [dbo].[Facts] ([DimData], [DimSucursal], [DimCliente], [DimProduto], [Quantidade], [Vendas]) VALUES (221, 3, 15, 19, 795, 1502.46)
INSERT [dbo].[Facts] ([DimData], [DimSucursal], [DimCliente], [DimProduto], [Quantidade], [Vendas]) VALUES (222, 2, 1, 19, 130, 275.98)
INSERT [dbo].[Facts] ([DimData], [DimSucursal], [DimCliente], [DimProduto], [Quantidade], [Vendas]) VALUES (223, 6, 13, 19, 400, 869.45)
INSERT [dbo].[Facts] ([DimData], [DimSucursal], [DimCliente], [DimProduto], [Quantidade], [Vendas]) VALUES (224, 6, 13, 19, 730, 1488.03)
INSERT [dbo].[Facts] ([DimData], [DimSucursal], [DimCliente], [DimProduto], [Quantidade], [Vendas]) VALUES (225, 6, 5, 19, 960, 2047.3)
INSERT [dbo].[Facts] ([DimData], [DimSucursal], [DimCliente], [DimProduto], [Quantidade], [Vendas]) VALUES (226, 6, 7, 19, 310, 621.45)
INSERT [dbo].[Facts] ([DimData], [DimSucursal], [DimCliente], [DimProduto], [Quantidade], [Vendas]) VALUES (227, 7, 12, 19, 975, 1834.25)
INSERT [dbo].[Facts] ([DimData], [DimSucursal], [DimCliente], [DimProduto], [Quantidade], [Vendas]) VALUES (228, 4, 14, 19, 60, 134.16)
INSERT [dbo].[Facts] ([DimData], [DimSucursal], [DimCliente], [DimProduto], [Quantidade], [Vendas]) VALUES (229, 6, 14, 20, 815, 2564)
INSERT [dbo].[Facts] ([DimData], [DimSucursal], [DimCliente], [DimProduto], [Quantidade], [Vendas]) VALUES (230, 7, 19, 20, 835, 2524.39)
INSERT [dbo].[Facts] ([DimData], [DimSucursal], [DimCliente], [DimProduto], [Quantidade], [Vendas]) VALUES (231, 1, 10, 20, 290, 573.73)
INSERT [dbo].[Facts] ([DimData], [DimSucursal], [DimCliente], [DimProduto], [Quantidade], [Vendas]) VALUES (232, 1, 11, 20, 800, 1594.81)
INSERT [dbo].[Facts] ([DimData], [DimSucursal], [DimCliente], [DimProduto], [Quantidade], [Vendas]) VALUES (233, 1, 19, 20, 905, 2673.33)
INSERT [dbo].[Facts] ([DimData], [DimSucursal], [DimCliente], [DimProduto], [Quantidade], [Vendas]) VALUES (234, 3, 13, 20, 145, 312.55)
INSERT [dbo].[Facts] ([DimData], [DimSucursal], [DimCliente], [DimProduto], [Quantidade], [Vendas]) VALUES (235, 6, 10, 20, 185, 379.72)
INSERT [dbo].[Facts] ([DimData], [DimSucursal], [DimCliente], [DimProduto], [Quantidade], [Vendas]) VALUES (236, 6, 9, 20, 360, 696.22)
INSERT [dbo].[Facts] ([DimData], [DimSucursal], [DimCliente], [DimProduto], [Quantidade], [Vendas]) VALUES (237, 4, 9, 20, 630, 1335.69)
INSERT [dbo].[Facts] ([DimData], [DimSucursal], [DimCliente], [DimProduto], [Quantidade], [Vendas]) VALUES (238, 5, 16, 20, 685, 1443.07)
INSERT [dbo].[Facts] ([DimData], [DimSucursal], [DimCliente], [DimProduto], [Quantidade], [Vendas]) VALUES (239, 5, 5, 20, 375, 1090.97)
INSERT [dbo].[Facts] ([DimData], [DimSucursal], [DimCliente], [DimProduto], [Quantidade], [Vendas]) VALUES (240, 7, 15, 20, 90, 256.78)
INSERT [dbo].[Facts] ([DimData], [DimSucursal], [DimCliente], [DimProduto], [Quantidade], [Vendas]) VALUES (241, 7, 5, 20, 120, 424.27)
INSERT [dbo].[Facts] ([DimData], [DimSucursal], [DimCliente], [DimProduto], [Quantidade], [Vendas]) VALUES (242, 3, 14, 20, 35, 185.62)
INSERT [dbo].[Facts] ([DimData], [DimSucursal], [DimCliente], [DimProduto], [Quantidade], [Vendas]) VALUES (243, 6, 11, 20, 300, 639.36)
INSERT [dbo].[Facts] ([DimData], [DimSucursal], [DimCliente], [DimProduto], [Quantidade], [Vendas]) VALUES (244, 7, 5, 20, 295, 1453.51)
INSERT [dbo].[Facts] ([DimData], [DimSucursal], [DimCliente], [DimProduto], [Quantidade], [Vendas]) VALUES (245, 2, 8, 20, 360, 705.03)
INSERT [dbo].[Facts] ([DimData], [DimSucursal], [DimCliente], [DimProduto], [Quantidade], [Vendas]) VALUES (246, 5, 6, 20, 825, 3018.4)
INSERT [dbo].[Facts] ([DimData], [DimSucursal], [DimCliente], [DimProduto], [Quantidade], [Vendas]) VALUES (247, 4, 4, 20, 950, 2064.66)
INSERT [dbo].[Facts] ([DimData], [DimSucursal], [DimCliente], [DimProduto], [Quantidade], [Vendas]) VALUES (248, 7, 14, 20, 50, 57.54)
INSERT [dbo].[Facts] ([DimData], [DimSucursal], [DimCliente], [DimProduto], [Quantidade], [Vendas]) VALUES (249, 7, 16, 20, 145, 718.78)
INSERT [dbo].[Facts] ([DimData], [DimSucursal], [DimCliente], [DimProduto], [Quantidade], [Vendas]) VALUES (250, 6, 19, 20, 485, 925.56)
INSERT [dbo].[Facts] ([DimData], [DimSucursal], [DimCliente], [DimProduto], [Quantidade], [Vendas]) VALUES (251, 7, 13, 21, 655, 2975.04)
INSERT [dbo].[Facts] ([DimData], [DimSucursal], [DimCliente], [DimProduto], [Quantidade], [Vendas]) VALUES (252, 5, 19, 21, 505, 2460.75)
INSERT [dbo].[Facts] ([DimData], [DimSucursal], [DimCliente], [DimProduto], [Quantidade], [Vendas]) VALUES (253, 7, 14, 21, 505, 1543.49)
INSERT [dbo].[Facts] ([DimData], [DimSucursal], [DimCliente], [DimProduto], [Quantidade], [Vendas]) VALUES (254, 1, 10, 21, 340, 1609.33)
INSERT [dbo].[Facts] ([DimData], [DimSucursal], [DimCliente], [DimProduto], [Quantidade], [Vendas]) VALUES (255, 6, 14, 21, 510, 1344.23)
INSERT [dbo].[Facts] ([DimData], [DimSucursal], [DimCliente], [DimProduto], [Quantidade], [Vendas]) VALUES (256, 6, 19, 21, 370, 2651.55)
INSERT [dbo].[Facts] ([DimData], [DimSucursal], [DimCliente], [DimProduto], [Quantidade], [Vendas]) VALUES (257, 1, 15, 22, 320, 342.55)
INSERT [dbo].[Facts] ([DimData], [DimSucursal], [DimCliente], [DimProduto], [Quantidade], [Vendas]) VALUES (258, 1, 14, 22, 45, 51.01)
INSERT [dbo].[Facts] ([DimData], [DimSucursal], [DimCliente], [DimProduto], [Quantidade], [Vendas]) VALUES (259, 7, 14, 22, 370, 366.12)
INSERT [dbo].[Facts] ([DimData], [DimSucursal], [DimCliente], [DimProduto], [Quantidade], [Vendas]) VALUES (260, 1, 5, 22, 855, 970.07)
INSERT [dbo].[Facts] ([DimData], [DimSucursal], [DimCliente], [DimProduto], [Quantidade], [Vendas]) VALUES (261, 7, 7, 22, 280, 921.53)
INSERT [dbo].[Facts] ([DimData], [DimSucursal], [DimCliente], [DimProduto], [Quantidade], [Vendas]) VALUES (262, 1, 12, 22, 550, 3934.16)
INSERT [dbo].[Facts] ([DimData], [DimSucursal], [DimCliente], [DimProduto], [Quantidade], [Vendas]) VALUES (263, 2, 16, 22, 845, 6116.21)
INSERT [dbo].[Facts] ([DimData], [DimSucursal], [DimCliente], [DimProduto], [Quantidade], [Vendas]) VALUES (264, 6, 11, 22, 725, 2986.38)
INSERT [dbo].[Facts] ([DimData], [DimSucursal], [DimCliente], [DimProduto], [Quantidade], [Vendas]) VALUES (265, 3, 4, 22, 970, 1156.69)
INSERT [dbo].[Facts] ([DimData], [DimSucursal], [DimCliente], [DimProduto], [Quantidade], [Vendas]) VALUES (266, 4, 4, 22, 500, 502.64)
INSERT [dbo].[Facts] ([DimData], [DimSucursal], [DimCliente], [DimProduto], [Quantidade], [Vendas]) VALUES (267, 5, 17, 22, 310, 1006.79)
INSERT [dbo].[Facts] ([DimData], [DimSucursal], [DimCliente], [DimProduto], [Quantidade], [Vendas]) VALUES (268, 4, 14, 22, 935, 888.58)
INSERT [dbo].[Facts] ([DimData], [DimSucursal], [DimCliente], [DimProduto], [Quantidade], [Vendas]) VALUES (269, 4, 6, 22, 985, 1107.24)
INSERT [dbo].[Facts] ([DimData], [DimSucursal], [DimCliente], [DimProduto], [Quantidade], [Vendas]) VALUES (270, 7, 10, 22, 650, 2127.44)
INSERT [dbo].[Facts] ([DimData], [DimSucursal], [DimCliente], [DimProduto], [Quantidade], [Vendas]) VALUES (271, 7, 14, 22, 405, 1104.54)
INSERT [dbo].[Facts] ([DimData], [DimSucursal], [DimCliente], [DimProduto], [Quantidade], [Vendas]) VALUES (272, 7, 8, 22, 165, 192.16)
INSERT [dbo].[Facts] ([DimData], [DimSucursal], [DimCliente], [DimProduto], [Quantidade], [Vendas]) VALUES (273, 2, 10, 23, 420, 2203.99)
INSERT [dbo].[Facts] ([DimData], [DimSucursal], [DimCliente], [DimProduto], [Quantidade], [Vendas]) VALUES (274, 5, 14, 23, 675, 3922.58)
INSERT [dbo].[Facts] ([DimData], [DimSucursal], [DimCliente], [DimProduto], [Quantidade], [Vendas]) VALUES (275, 2, 20, 23, 730, 1491.18)
INSERT [dbo].[Facts] ([DimData], [DimSucursal], [DimCliente], [DimProduto], [Quantidade], [Vendas]) VALUES (276, 1, 20, 23, 240, 1420.1)
INSERT [dbo].[Facts] ([DimData], [DimSucursal], [DimCliente], [DimProduto], [Quantidade], [Vendas]) VALUES (277, 3, 9, 23, 445, 2433.74)
INSERT [dbo].[Facts] ([DimData], [DimSucursal], [DimCliente], [DimProduto], [Quantidade], [Vendas]) VALUES (278, 6, 12, 23, 705, 3992.66)
INSERT [dbo].[Facts] ([DimData], [DimSucursal], [DimCliente], [DimProduto], [Quantidade], [Vendas]) VALUES (279, 5, 20, 23, 845, 1821.19)
INSERT [dbo].[Facts] ([DimData], [DimSucursal], [DimCliente], [DimProduto], [Quantidade], [Vendas]) VALUES (280, 1, 6, 23, 330, 1785.88)
INSERT [dbo].[Facts] ([DimData], [DimSucursal], [DimCliente], [DimProduto], [Quantidade], [Vendas]) VALUES (281, 5, 14, 23, 565, 2833.99)
INSERT [dbo].[Facts] ([DimData], [DimSucursal], [DimCliente], [DimProduto], [Quantidade], [Vendas]) VALUES (282, 4, 20, 23, 315, 691.57)
INSERT [dbo].[Facts] ([DimData], [DimSucursal], [DimCliente], [DimProduto], [Quantidade], [Vendas]) VALUES (283, 4, 7, 23, 5, 25.64)
INSERT [dbo].[Facts] ([DimData], [DimSucursal], [DimCliente], [DimProduto], [Quantidade], [Vendas]) VALUES (284, 1, 4, 24, 110, 259.08)
INSERT [dbo].[Facts] ([DimData], [DimSucursal], [DimCliente], [DimProduto], [Quantidade], [Vendas]) VALUES (285, 5, 20, 24, 915, 1724.92)
INSERT [dbo].[Facts] ([DimData], [DimSucursal], [DimCliente], [DimProduto], [Quantidade], [Vendas]) VALUES (286, 1, 20, 24, 895, 1599.63)
INSERT [dbo].[Facts] ([DimData], [DimSucursal], [DimCliente], [DimProduto], [Quantidade], [Vendas]) VALUES (287, 7, 20, 24, 700, 1046.58)
INSERT [dbo].[Facts] ([DimData], [DimSucursal], [DimCliente], [DimProduto], [Quantidade], [Vendas]) VALUES (288, 2, 20, 24, 500, 398.6)
INSERT [dbo].[Facts] ([DimData], [DimSucursal], [DimCliente], [DimProduto], [Quantidade], [Vendas]) VALUES (289, 6, 10, 24, 410, 836.73)
INSERT [dbo].[Facts] ([DimData], [DimSucursal], [DimCliente], [DimProduto], [Quantidade], [Vendas]) VALUES (290, 1, 14, 24, 415, 866.84)
INSERT [dbo].[Facts] ([DimData], [DimSucursal], [DimCliente], [DimProduto], [Quantidade], [Vendas]) VALUES (291, 6, 9, 24, 695, 1506.57)
INSERT [dbo].[Facts] ([DimData], [DimSucursal], [DimCliente], [DimProduto], [Quantidade], [Vendas]) VALUES (292, 1, 14, 24, 115, 243.94)
INSERT [dbo].[Facts] ([DimData], [DimSucursal], [DimCliente], [DimProduto], [Quantidade], [Vendas]) VALUES (293, 6, 7, 24, 995, 2089.7)
INSERT [dbo].[Facts] ([DimData], [DimSucursal], [DimCliente], [DimProduto], [Quantidade], [Vendas]) VALUES (294, 7, 20, 24, 95, 183.38)
INSERT [dbo].[Facts] ([DimData], [DimSucursal], [DimCliente], [DimProduto], [Quantidade], [Vendas]) VALUES (295, 4, 2, 24, 495, 998.71)
INSERT [dbo].[Facts] ([DimData], [DimSucursal], [DimCliente], [DimProduto], [Quantidade], [Vendas]) VALUES (296, 6, 2, 24, 770, 1826.88)
INSERT [dbo].[Facts] ([DimData], [DimSucursal], [DimCliente], [DimProduto], [Quantidade], [Vendas]) VALUES (297, 2, 3, 25, 530, 2410.92)
INSERT [dbo].[Facts] ([DimData], [DimSucursal], [DimCliente], [DimProduto], [Quantidade], [Vendas]) VALUES (298, 3, 7, 25, 190, 825.48)
INSERT [dbo].[Facts] ([DimData], [DimSucursal], [DimCliente], [DimProduto], [Quantidade], [Vendas]) VALUES (299, 6, 16, 25, 985, 1519.36)
INSERT [dbo].[Facts] ([DimData], [DimSucursal], [DimCliente], [DimProduto], [Quantidade], [Vendas]) VALUES (300, 7, 6, 25, 60, 264.69)
GO
INSERT [dbo].[Facts] ([DimData], [DimSucursal], [DimCliente], [DimProduto], [Quantidade], [Vendas]) VALUES (301, 1, 8, 25, 875, 3652.67)
INSERT [dbo].[Facts] ([DimData], [DimSucursal], [DimCliente], [DimProduto], [Quantidade], [Vendas]) VALUES (302, 6, 12, 25, 155, 738.05)
INSERT [dbo].[Facts] ([DimData], [DimSucursal], [DimCliente], [DimProduto], [Quantidade], [Vendas]) VALUES (303, 6, 4, 25, 460, 2121.15)
INSERT [dbo].[Facts] ([DimData], [DimSucursal], [DimCliente], [DimProduto], [Quantidade], [Vendas]) VALUES (304, 2, 17, 25, 165, 785.1)
INSERT [dbo].[Facts] ([DimData], [DimSucursal], [DimCliente], [DimProduto], [Quantidade], [Vendas]) VALUES (305, 6, 11, 25, 895, 4022.8)
INSERT [dbo].[Facts] ([DimData], [DimSucursal], [DimCliente], [DimProduto], [Quantidade], [Vendas]) VALUES (306, 5, 16, 25, 480, 1222.76)
INSERT [dbo].[Facts] ([DimData], [DimSucursal], [DimCliente], [DimProduto], [Quantidade], [Vendas]) VALUES (307, 5, 16, 25, 295, 1157.57)
INSERT [dbo].[Facts] ([DimData], [DimSucursal], [DimCliente], [DimProduto], [Quantidade], [Vendas]) VALUES (308, 6, 16, 25, 285, 1141.47)
INSERT [dbo].[Facts] ([DimData], [DimSucursal], [DimCliente], [DimProduto], [Quantidade], [Vendas]) VALUES (309, 1, 14, 25, 310, 779.41)
INSERT [dbo].[Facts] ([DimData], [DimSucursal], [DimCliente], [DimProduto], [Quantidade], [Vendas]) VALUES (310, 7, 16, 25, 890, 3615.2)
INSERT [dbo].[Facts] ([DimData], [DimSucursal], [DimCliente], [DimProduto], [Quantidade], [Vendas]) VALUES (311, 5, 15, 26, 625, 1952.51)
INSERT [dbo].[Facts] ([DimData], [DimSucursal], [DimCliente], [DimProduto], [Quantidade], [Vendas]) VALUES (312, 2, 15, 26, 610, 1959.33)
INSERT [dbo].[Facts] ([DimData], [DimSucursal], [DimCliente], [DimProduto], [Quantidade], [Vendas]) VALUES (313, 6, 14, 26, 465, 1561.96)
INSERT [dbo].[Facts] ([DimData], [DimSucursal], [DimCliente], [DimProduto], [Quantidade], [Vendas]) VALUES (314, 7, 14, 26, 300, 914.82)
INSERT [dbo].[Facts] ([DimData], [DimSucursal], [DimCliente], [DimProduto], [Quantidade], [Vendas]) VALUES (315, 7, 20, 26, 625, 1360.34)
INSERT [dbo].[Facts] ([DimData], [DimSucursal], [DimCliente], [DimProduto], [Quantidade], [Vendas]) VALUES (316, 3, 15, 26, 860, 2613.45)
INSERT [dbo].[Facts] ([DimData], [DimSucursal], [DimCliente], [DimProduto], [Quantidade], [Vendas]) VALUES (317, 3, 1, 26, 150, 491.44)
INSERT [dbo].[Facts] ([DimData], [DimSucursal], [DimCliente], [DimProduto], [Quantidade], [Vendas]) VALUES (318, 1, 9, 27, 925, 2802.16)
INSERT [dbo].[Facts] ([DimData], [DimSucursal], [DimCliente], [DimProduto], [Quantidade], [Vendas]) VALUES (319, 6, 11, 27, 850, 2893.98)
INSERT [dbo].[Facts] ([DimData], [DimSucursal], [DimCliente], [DimProduto], [Quantidade], [Vendas]) VALUES (320, 3, 2, 27, 945, 3345.59)
INSERT [dbo].[Facts] ([DimData], [DimSucursal], [DimCliente], [DimProduto], [Quantidade], [Vendas]) VALUES (321, 2, 11, 27, 745, 2650.27)
INSERT [dbo].[Facts] ([DimData], [DimSucursal], [DimCliente], [DimProduto], [Quantidade], [Vendas]) VALUES (322, 2, 5, 27, 895, 3156.34)
INSERT [dbo].[Facts] ([DimData], [DimSucursal], [DimCliente], [DimProduto], [Quantidade], [Vendas]) VALUES (323, 6, 6, 27, 30, 101.61)
INSERT [dbo].[Facts] ([DimData], [DimSucursal], [DimCliente], [DimProduto], [Quantidade], [Vendas]) VALUES (324, 7, 20, 27, 35, 120.82)
INSERT [dbo].[Facts] ([DimData], [DimSucursal], [DimCliente], [DimProduto], [Quantidade], [Vendas]) VALUES (325, 3, 16, 27, 785, 3312.45)
INSERT [dbo].[Facts] ([DimData], [DimSucursal], [DimCliente], [DimProduto], [Quantidade], [Vendas]) VALUES (326, 1, 20, 27, 265, 936.05)
INSERT [dbo].[Facts] ([DimData], [DimSucursal], [DimCliente], [DimProduto], [Quantidade], [Vendas]) VALUES (327, 3, 7, 27, 140, 474.99)
INSERT [dbo].[Facts] ([DimData], [DimSucursal], [DimCliente], [DimProduto], [Quantidade], [Vendas]) VALUES (328, 1, 20, 27, 125, 420.82)
INSERT [dbo].[Facts] ([DimData], [DimSucursal], [DimCliente], [DimProduto], [Quantidade], [Vendas]) VALUES (329, 1, 4, 27, 120, 878.73)
INSERT [dbo].[Facts] ([DimData], [DimSucursal], [DimCliente], [DimProduto], [Quantidade], [Vendas]) VALUES (330, 4, 20, 27, 455, 1196.79)
INSERT [dbo].[Facts] ([DimData], [DimSucursal], [DimCliente], [DimProduto], [Quantidade], [Vendas]) VALUES (331, 4, 9, 27, 505, 1577.5)
INSERT [dbo].[Facts] ([DimData], [DimSucursal], [DimCliente], [DimProduto], [Quantidade], [Vendas]) VALUES (332, 4, 5, 27, 450, 1447.42)
INSERT [dbo].[Facts] ([DimData], [DimSucursal], [DimCliente], [DimProduto], [Quantidade], [Vendas]) VALUES (333, 7, 3, 27, 350, 2634)
INSERT [dbo].[Facts] ([DimData], [DimSucursal], [DimCliente], [DimProduto], [Quantidade], [Vendas]) VALUES (334, 6, 11, 28, 990, 7031.77)
INSERT [dbo].[Facts] ([DimData], [DimSucursal], [DimCliente], [DimProduto], [Quantidade], [Vendas]) VALUES (335, 7, 5, 28, 820, 5994.27)
INSERT [dbo].[Facts] ([DimData], [DimSucursal], [DimCliente], [DimProduto], [Quantidade], [Vendas]) VALUES (336, 3, 20, 28, 140, 665.84)
INSERT [dbo].[Facts] ([DimData], [DimSucursal], [DimCliente], [DimProduto], [Quantidade], [Vendas]) VALUES (337, 5, 12, 28, 395, 3047.01)
INSERT [dbo].[Facts] ([DimData], [DimSucursal], [DimCliente], [DimProduto], [Quantidade], [Vendas]) VALUES (338, 6, 12, 28, 25, 201.22)
GO



